STATION,NAME,Year,Month,TAVG_mean,TAVG_std,N_days,TMAX_mean,TMIN_mean
US1MIAG0006,"MUNISING 11.1 SSW, MI US",2026,1,,,0,,
US1MIAG0006,"MUNISING 11.1 SSW, MI US",2026,2,,,0,,
US1MIAG0006,"MUNISING 11.1 SSW, MI US",2026,3,,,0,,
US1MIAG0006,"MUNISING 11.1 SSW, MI US",2026,4,,,0,,
US1MIAG0008,"AU TRAIN 7.8 NW, MI US",2026,1,,,0,,
US1MIAG0008,"AU TRAIN 7.8 NW, MI US",2026,2,,,0,,
US1MIAG0008,"AU TRAIN 7.8 NW, MI US",2026,3,,,0,,
US1MIAG0009,"WETMORE 12.7 S, MI US",2026,1,,,0,,
US1MIAG0009,"WETMORE 12.7 S, MI US",2026,3,,,0,,
US1MIAG0009,"WETMORE 12.7 S, MI US",2026,4,,,0,,
US1MIAN0004,"FENNVILLE 0.8 W, MI US",2026,1,,,0,,
US1MIAN0004,"FENNVILLE 0.8 W, MI US",2026,2,,,0,,
US1MIAN0004,"FENNVILLE 0.8 W, MI US",2026,3,,,0,,
US1MIAN0004,"FENNVILLE 0.8 W, MI US",2026,4,,,0,,
US1MIAN0015,"DORR 0.4 E, MI US",2026,3,,,0,,
US1MIAN0015,"DORR 0.4 E, MI US",2026,4,,,0,,
US1MIAN0019,"SAUGATUCK 0.6 E, MI US",2026,1,,,0,,
US1MIAN0019,"SAUGATUCK 0.6 E, MI US",2026,2,,,0,,
US1MIAN0019,"SAUGATUCK 0.6 E, MI US",2026,3,,,0,,
US1MIAN0019,"SAUGATUCK 0.6 E, MI US",2026,4,,,0,,
US1MIAN0025,"PLAINWELL 0.5 WSW, MI US",2026,1,,,0,,
US1MIAN0025,"PLAINWELL 0.5 WSW, MI US",2026,2,,,0,,
US1MIAN0025,"PLAINWELL 0.5 WSW, MI US",2026,3,,,0,,
US1MIAN0025,"PLAINWELL 0.5 WSW, MI US",2026,4,,,0,,
US1MIAN0027,"OTSEGO 0.9 WNW, MI US",2026,1,,,0,,
US1MIAN0027,"OTSEGO 0.9 WNW, MI US",2026,2,,,0,,
US1MIAN0027,"OTSEGO 0.9 WNW, MI US",2026,3,,,0,,
US1MIAN0027,"OTSEGO 0.9 WNW, MI US",2026,4,,,0,,
US1MIAN0029,"ALLEGAN 0.3 NNW, MI US",2026,1,,,0,,
US1MIAN0029,"ALLEGAN 0.3 NNW, MI US",2026,2,,,0,,
US1MIAN0029,"ALLEGAN 0.3 NNW, MI US",2026,3,,,0,,
US1MIAN0029,"ALLEGAN 0.3 NNW, MI US",2026,4,,,0,,
US1MIAP0001,"ALPENA 1.6 SSW, MI US",2026,1,,,0,,
US1MIAP0001,"ALPENA 1.6 SSW, MI US",2026,2,,,0,,
US1MIAP0001,"ALPENA 1.6 SSW, MI US",2026,3,,,0,,
US1MIAP0001,"ALPENA 1.6 SSW, MI US",2026,4,,,0,,
US1MIAR0002,"ALGER 2.4 ENE, MI US",2026,1,,,0,,
US1MIAR0002,"ALGER 2.4 ENE, MI US",2026,2,,,0,,
US1MIAR0002,"ALGER 2.4 ENE, MI US",2026,3,,,0,,
US1MIAR0003,"TAWAS CITY 9.3 SSW, MI US",2026,1,,,0,,
US1MIAR0003,"TAWAS CITY 9.3 SSW, MI US",2026,2,,,0,,
US1MIAR0003,"TAWAS CITY 9.3 SSW, MI US",2026,3,,,0,,
US1MIAT0006,"MANCELONA 0.5 ESE, MI US",2026,1,,,0,,
US1MIAT0006,"MANCELONA 0.5 ESE, MI US",2026,2,,,0,,
US1MIAT0006,"MANCELONA 0.5 ESE, MI US",2026,3,,,0,,
US1MIAT0006,"MANCELONA 0.5 ESE, MI US",2026,4,,,0,,
US1MIAT0009,"BELLAIRE 3.2 N, MI US",2026,4,,,0,,
US1MIAT0014,"ELK RAPIDS 0.6 NW, MI US",2026,1,,,0,,
US1MIAT0014,"ELK RAPIDS 0.6 NW, MI US",2026,2,,,0,,
US1MIAT0014,"ELK RAPIDS 0.6 NW, MI US",2026,3,,,0,,
US1MIAT0014,"ELK RAPIDS 0.6 NW, MI US",2026,4,,,0,,
US1MIBG0003,"THREE LAKES, MI US",2026,1,,,0,,
US1MIBG0003,"THREE LAKES, MI US",2026,2,,,0,,
US1MIBG0003,"THREE LAKES, MI US",2026,3,,,0,,
US1MIBG0003,"THREE LAKES, MI US",2026,4,,,0,,
US1MIBH0007,"QUINCY 0.3 NE, MI US",2026,3,,,0,,
US1MIBH0007,"QUINCY 0.3 NE, MI US",2026,4,,,0,,
US1MIBN0002,"STEVENSVILLE 1.7 SSE, MI US",2026,1,,,0,,
US1MIBN0002,"STEVENSVILLE 1.7 SSE, MI US",2026,2,,,0,,
US1MIBN0002,"STEVENSVILLE 1.7 SSE, MI US",2026,3,,,0,,
US1MIBN0002,"STEVENSVILLE 1.7 SSE, MI US",2026,4,,,0,,
US1MIBN0003,"BUCHANAN 1.4 ESE, MI US",2026,1,,,0,,
US1MIBN0003,"BUCHANAN 1.4 ESE, MI US",2026,2,,,0,,
US1MIBN0003,"BUCHANAN 1.4 ESE, MI US",2026,3,,,0,,
US1MIBN0003,"BUCHANAN 1.4 ESE, MI US",2026,4,,,0,,
US1MIBN0004,"NILES 2.7 W, MI US",2026,1,,,0,,
US1MIBN0004,"NILES 2.7 W, MI US",2026,2,,,0,,
US1MIBN0004,"NILES 2.7 W, MI US",2026,3,,,0,,
US1MIBN0004,"NILES 2.7 W, MI US",2026,4,,,0,,
US1MIBN0013,"ST. JOSEPH 1.5 SSE, MI US",2026,1,,,0,,
US1MIBN0013,"ST. JOSEPH 1.5 SSE, MI US",2026,2,,,0,,
US1MIBN0013,"ST. JOSEPH 1.5 SSE, MI US",2026,3,,,0,,
US1MIBN0013,"ST. JOSEPH 1.5 SSE, MI US",2026,4,,,0,,
US1MIBN0022,"SHOREHAM 2.0 SE, MI US",2026,1,,,0,,
US1MIBN0022,"SHOREHAM 2.0 SE, MI US",2026,2,,,0,,
US1MIBN0022,"SHOREHAM 2.0 SE, MI US",2026,3,,,0,,
US1MIBN0022,"SHOREHAM 2.0 SE, MI US",2026,4,,,0,,
US1MIBN0024,"ST. JOSEPH 2.8 SSE, MI US",2026,1,,,0,,
US1MIBN0024,"ST. JOSEPH 2.8 SSE, MI US",2026,2,,,0,,
US1MIBN0024,"ST. JOSEPH 2.8 SSE, MI US",2026,3,,,0,,
US1MIBN0024,"ST. JOSEPH 2.8 SSE, MI US",2026,4,,,0,,
US1MIBN0028,"BARODA 1.3 W, MI US",2026,1,,,0,,
US1MIBN0028,"BARODA 1.3 W, MI US",2026,2,,,0,,
US1MIBN0028,"BARODA 1.3 W, MI US",2026,3,,,0,,
US1MIBN0028,"BARODA 1.3 W, MI US",2026,4,,,0,,
US1MIBR0009,"PLAINWELL 5.4 E, MI US",2026,1,,,0,,
US1MIBR0009,"PLAINWELL 5.4 E, MI US",2026,2,,,0,,
US1MIBR0009,"PLAINWELL 5.4 E, MI US",2026,3,,,0,,
US1MIBR0009,"PLAINWELL 5.4 E, MI US",2026,4,,,0,,
US1MIBR0012,"FREEPORT 1.6 S, MI US",2026,1,,,0,,
US1MIBR0012,"FREEPORT 1.6 S, MI US",2026,2,,,0,,
US1MIBR0012,"FREEPORT 1.6 S, MI US",2026,3,,,0,,
US1MIBR0012,"FREEPORT 1.6 S, MI US",2026,4,,,0,,
US1MIBR0013,"HASTINGS 4.3 SSW, MI US",2026,1,,,0,,
US1MIBR0013,"HASTINGS 4.3 SSW, MI US",2026,2,,,0,,
US1MIBR0013,"HASTINGS 4.3 SSW, MI US",2026,3,,,0,,
US1MIBR0013,"HASTINGS 4.3 SSW, MI US",2026,4,,,0,,
US1MIBR0021,"MIDDLEVILLE 0.5 WNW, MI US",2026,3,,,0,,
US1MIBR0021,"MIDDLEVILLE 0.5 WNW, MI US",2026,4,,,0,,
US1MIBR0022,"BATTLE CREEK 11.7 NNW, MI US",2026,3,,,0,,
US1MIBY0009,"BAY CITY 4.4 N, MI US",2026,3,,,0,,
US1MIBY0009,"BAY CITY 4.4 N, MI US",2026,4,,,0,,
US1MIBZ0001,"BENZONIA 5.3 S, MI US",2026,1,,,0,,
US1MIBZ0001,"BENZONIA 5.3 S, MI US",2026,2,,,0,,
US1MIBZ0001,"BENZONIA 5.3 S, MI US",2026,3,,,0,,
US1MIBZ0001,"BENZONIA 5.3 S, MI US",2026,4,,,0,,
US1MICB0007,"MACKINAW CITY 1.1 ENE, MI US",2026,3,,,0,,
US1MICB0007,"MACKINAW CITY 1.1 ENE, MI US",2026,4,,,0,,
US1MICF0009,"GRAYLING 15.8 NE, MI US",2026,1,,,0,,
US1MICF0009,"GRAYLING 15.8 NE, MI US",2026,2,,,0,,
US1MICF0009,"GRAYLING 15.8 NE, MI US",2026,3,,,0,,
US1MICF0009,"GRAYLING 15.8 NE, MI US",2026,4,,,0,,
US1MICN0022,"BATTLE CREEK 0.6 S, MI US",2026,1,,,0,,
US1MICN0022,"BATTLE CREEK 0.6 S, MI US",2026,2,,,0,,
US1MICN0022,"BATTLE CREEK 0.6 S, MI US",2026,3,,,0,,
US1MICN0022,"BATTLE CREEK 0.6 S, MI US",2026,4,,,0,,
US1MICN0023,"MARSHALL 2.4 WNW, MI US",2026,2,,,0,,
US1MICN0023,"MARSHALL 2.4 WNW, MI US",2026,3,,,0,,
US1MICN0023,"MARSHALL 2.4 WNW, MI US",2026,4,,,0,,
US1MICP0014,"SAULT STE. MARIE 2.2 E, MI US",2026,1,,,0,,
US1MICP0014,"SAULT STE. MARIE 2.2 E, MI US",2026,2,,,0,,
US1MICP0014,"SAULT STE. MARIE 2.2 E, MI US",2026,3,,,0,,
US1MICP0014,"SAULT STE. MARIE 2.2 E, MI US",2026,4,,,0,,
US1MICP0017,"DAFTER 3.4 SE, MI US",2026,1,,,0,,
US1MICP0017,"DAFTER 3.4 SE, MI US",2026,2,,,0,,
US1MICP0017,"DAFTER 3.4 SE, MI US",2026,3,,,0,,
US1MICP0017,"DAFTER 3.4 SE, MI US",2026,4,,,0,,
US1MICS0005,"NILES 3.5 E, MI US",2026,1,,,0,,
US1MICS0005,"NILES 3.5 E, MI US",2026,2,,,0,,
US1MICS0005,"NILES 3.5 E, MI US",2026,3,,,0,,
US1MICS0005,"NILES 3.5 E, MI US",2026,4,,,0,,
US1MICS0011,"CASSOPOLIS 9.0 SSE, MI US",2026,1,,,0,,
US1MICS0011,"CASSOPOLIS 9.0 SSE, MI US",2026,2,,,0,,
US1MICS0011,"CASSOPOLIS 9.0 SSE, MI US",2026,3,,,0,,
US1MICS0014,"EDWARDSBURG 3.0 NNW, MI US",2026,1,,,0,,
US1MICS0014,"EDWARDSBURG 3.0 NNW, MI US",2026,2,,,0,,
US1MICS0014,"EDWARDSBURG 3.0 NNW, MI US",2026,3,,,0,,
US1MICS0014,"EDWARDSBURG 3.0 NNW, MI US",2026,4,,,0,,
US1MICT0001,"LAINGSBURG 5.0 SW, MI US",2026,1,,,0,,
US1MICT0001,"LAINGSBURG 5.0 SW, MI US",2026,2,,,0,,
US1MICT0001,"LAINGSBURG 5.0 SW, MI US",2026,3,,,0,,
US1MICT0001,"LAINGSBURG 5.0 SW, MI US",2026,4,,,0,,
US1MICT0002,"HASLETT 1.2 N, MI US",2026,1,,,0,,
US1MICT0002,"HASLETT 1.2 N, MI US",2026,2,,,0,,
US1MICT0002,"HASLETT 1.2 N, MI US",2026,3,,,0,,
US1MICT0018,"LAINGSBURG 2.1 NNW, MI US",2026,1,,,0,,
US1MICT0018,"LAINGSBURG 2.1 NNW, MI US",2026,2,,,0,,
US1MICT0018,"LAINGSBURG 2.1 NNW, MI US",2026,3,,,0,,
US1MICT0018,"LAINGSBURG 2.1 NNW, MI US",2026,4,,,0,,
US1MICT0021,"LAINGSBURG 2.1 NW, MI US",2026,1,,,0,,
US1MICT0021,"LAINGSBURG 2.1 NW, MI US",2026,2,,,0,,
US1MICT0021,"LAINGSBURG 2.1 NW, MI US",2026,3,,,0,,
US1MICT0021,"LAINGSBURG 2.1 NW, MI US",2026,4,,,0,,
US1MICT0023,"ST. JOHNS 3.5 SSW, MI US",2026,1,,,0,,
US1MICT0023,"ST. JOHNS 3.5 SSW, MI US",2026,2,,,0,,
US1MICT0023,"ST. JOHNS 3.5 SSW, MI US",2026,3,,,0,,
US1MICT0024,"LAINGSBURG 2.2 SW, MI US",2026,1,,,0,,
US1MICT0024,"LAINGSBURG 2.2 SW, MI US",2026,2,,,0,,
US1MICT0024,"LAINGSBURG 2.2 SW, MI US",2026,3,,,0,,
US1MICX0007,"EAST JORDAN 2.1 NNW, MI US",2026,1,,,0,,
US1MICX0007,"EAST JORDAN 2.1 NNW, MI US",2026,2,,,0,,
US1MICX0007,"EAST JORDAN 2.1 NNW, MI US",2026,3,,,0,,
US1MICX0007,"EAST JORDAN 2.1 NNW, MI US",2026,4,,,0,,
US1MIDC0006,"IRON MOUNTAIN 1.1 W, MI US",2026,1,,,0,,
US1MIDC0006,"IRON MOUNTAIN 1.1 W, MI US",2026,2,,,0,,
US1MIDC0006,"IRON MOUNTAIN 1.1 W, MI US",2026,3,,,0,,
US1MIDC0006,"IRON MOUNTAIN 1.1 W, MI US",2026,4,,,0,,
US1MIDL0004,"GLADSTONE 2.1 SW, MI US",2026,1,,,0,,
US1MIDL0004,"GLADSTONE 2.1 SW, MI US",2026,2,,,0,,
US1MIEM0005,"HARBOR SPRINGS 0.7 ENE, MI US",2026,1,,,0,,
US1MIEM0005,"HARBOR SPRINGS 0.7 ENE, MI US",2026,2,,,0,,
US1MIEM0005,"HARBOR SPRINGS 0.7 ENE, MI US",2026,3,,,0,,
US1MIEM0005,"HARBOR SPRINGS 0.7 ENE, MI US",2026,4,,,0,,
US1MIET0014,"VERMONTVILLE 4.3 N, MI US",2026,2,,,0,,
US1MIET0014,"VERMONTVILLE 4.3 N, MI US",2026,3,,,0,,
US1MIET0014,"VERMONTVILLE 4.3 N, MI US",2026,4,,,0,,
US1MIET0015,"EATON RAPIDS 6.6 N, MI US",2026,1,,,0,,
US1MIET0015,"EATON RAPIDS 6.6 N, MI US",2026,2,,,0,,
US1MIET0015,"EATON RAPIDS 6.6 N, MI US",2026,3,,,0,,
US1MIET0015,"EATON RAPIDS 6.6 N, MI US",2026,4,,,0,,
US1MIET0018,"LANSING 4.7 NW, MI US",2026,1,,,0,,
US1MIET0018,"LANSING 4.7 NW, MI US",2026,2,,,0,,
US1MIET0018,"LANSING 4.7 NW, MI US",2026,3,,,0,,
US1MIET0021,"LAKE ODESSA 3.7 ESE, MI US",2026,3,,,0,,
US1MIET0021,"LAKE ODESSA 3.7 ESE, MI US",2026,4,,,0,,
US1MIET0022,"KE8CIC EATON RAPIDS 0.3 SE, MI US",2026,1,,,0,,
US1MIET0022,"KE8CIC EATON RAPIDS 0.3 SE, MI US",2026,2,,,0,,
US1MIET0022,"KE8CIC EATON RAPIDS 0.3 SE, MI US",2026,3,,,0,,
US1MIET0022,"KE8CIC EATON RAPIDS 0.3 SE, MI US",2026,4,,,0,,
US1MIET0023,"BELLEVUE 1.9 ENE, MI US",2026,1,,,0,,
US1MIET0023,"BELLEVUE 1.9 ENE, MI US",2026,2,,,0,,
US1MIET0023,"BELLEVUE 1.9 ENE, MI US",2026,3,,,0,,
US1MIET0023,"BELLEVUE 1.9 ENE, MI US",2026,4,,,0,,
US1MIGG0004,"WATERSMEET 5.0 SE, MI US",2026,1,,,0,,
US1MIGG0004,"WATERSMEET 5.0 SE, MI US",2026,2,,,0,,
US1MIGG0004,"WATERSMEET 5.0 SE, MI US",2026,3,,,0,,
US1MIGG0008,"IRONWOOD 4.5 N, MI US",2026,1,,,0,,
US1MIGG0008,"IRONWOOD 4.5 N, MI US",2026,2,,,0,,
US1MIGG0008,"IRONWOOD 4.5 N, MI US",2026,3,,,0,,
US1MIGG0008,"IRONWOOD 4.5 N, MI US",2026,4,,,0,,
US1MIGG0010,"IRONWOOD 5.8 NNW, MI US",2026,1,,,0,,
US1MIGG0010,"IRONWOOD 5.8 NNW, MI US",2026,2,,,0,,
US1MIGG0010,"IRONWOOD 5.8 NNW, MI US",2026,3,,,0,,
US1MIGG0010,"IRONWOOD 5.8 NNW, MI US",2026,4,,,0,,
US1MIGG0011,"IRONWOOD 7.3 NNE, MI US",2026,1,,,0,,
US1MIGG0011,"IRONWOOD 7.3 NNE, MI US",2026,2,,,0,,
US1MIGG0011,"IRONWOOD 7.3 NNE, MI US",2026,3,,,0,,
US1MIGG0011,"IRONWOOD 7.3 NNE, MI US",2026,4,,,0,,
US1MIGL0004,"GLADWIN 10.4 NNW, MI US",2026,1,,,0,,
US1MIGL0004,"GLADWIN 10.4 NNW, MI US",2026,2,,,0,,
US1MIGL0004,"GLADWIN 10.4 NNW, MI US",2026,3,,,0,,
US1MIGL0004,"GLADWIN 10.4 NNW, MI US",2026,4,,,0,,
US1MIGN0022,"GRAND BLANC 2.9 SE, MI US",2026,1,,,0,,
US1MIGN0022,"GRAND BLANC 2.9 SE, MI US",2026,2,,,0,,
US1MIGN0034,"DAVISON 3.4 NNW, MI US",2026,1,,,0,,
US1MIGN0034,"DAVISON 3.4 NNW, MI US",2026,2,,,0,,
US1MIGN0034,"DAVISON 3.4 NNW, MI US",2026,3,,,0,,
US1MIGN0034,"DAVISON 3.4 NNW, MI US",2026,4,,,0,,
US1MIGN0037,"DAVISON 1.8 SW, MI US",2026,2,,,0,,
US1MIGN0037,"DAVISON 1.8 SW, MI US",2026,3,,,0,,
US1MIGR0003,"ALMA 0.3 NW, MI US",2026,1,,,0,,
US1MIGR0003,"ALMA 0.3 NW, MI US",2026,3,,,0,,
US1MIGR0003,"ALMA 0.3 NW, MI US",2026,4,,,0,,
US1MIGT0016,"TRAVERSE CITY 0.9 NNE, MI US",2026,1,,,0,,
US1MIGT0016,"TRAVERSE CITY 0.9 NNE, MI US",2026,2,,,0,,
US1MIGT0016,"TRAVERSE CITY 0.9 NNE, MI US",2026,3,,,0,,
US1MIGT0016,"TRAVERSE CITY 0.9 NNE, MI US",2026,4,,,0,,
US1MIGT0021,"KINGSLEY 2.7 ENE, MI US",2026,1,,,0,,
US1MIGT0021,"KINGSLEY 2.7 ENE, MI US",2026,2,,,0,,
US1MIGT0021,"KINGSLEY 2.7 ENE, MI US",2026,3,,,0,,
US1MIGT0021,"KINGSLEY 2.7 ENE, MI US",2026,4,,,0,,
US1MIGT0028,"GRAWN 1.3 SSW, MI US",2026,1,,,0,,
US1MIGT0028,"GRAWN 1.3 SSW, MI US",2026,2,,,0,,
US1MIGT0028,"GRAWN 1.3 SSW, MI US",2026,3,,,0,,
US1MIGT0028,"GRAWN 1.3 SSW, MI US",2026,4,,,0,,
US1MIGT0030,"TRAVERSE CITY 6.1 SW, MI US",2026,3,,,0,,
US1MIGT0030,"TRAVERSE CITY 6.1 SW, MI US",2026,4,,,0,,
US1MIGT0032,"TRAVERSE CITY 3.7 S, MI US",2026,1,,,0,,
US1MIGT0032,"TRAVERSE CITY 3.7 S, MI US",2026,2,,,0,,
US1MIGT0032,"TRAVERSE CITY 3.7 S, MI US",2026,3,,,0,,
US1MIGT0032,"TRAVERSE CITY 3.7 S, MI US",2026,4,,,0,,
US1MIHG0001,"HOUGHTON 1.6 ESE, MI US",2026,1,,,0,,
US1MIHG0001,"HOUGHTON 1.6 ESE, MI US",2026,2,,,0,,
US1MIHG0001,"HOUGHTON 1.6 ESE, MI US",2026,3,,,0,,
US1MIHG0001,"HOUGHTON 1.6 ESE, MI US",2026,4,,,0,,
US1MIHG0021,"ATLANTIC MINE 3.9 NW, MI US",2026,1,,,0,,
US1MIHG0021,"ATLANTIC MINE 3.9 NW, MI US",2026,2,,,0,,
US1MIHG0021,"ATLANTIC MINE 3.9 NW, MI US",2026,3,,,0,,
US1MIHG0021,"ATLANTIC MINE 3.9 NW, MI US",2026,4,,,0,,
US1MIHL0004,"JONESVILLE 5.9 ENE, MI US",2026,1,,,0,,
US1MIHL0004,"JONESVILLE 5.9 ENE, MI US",2026,2,,,0,,
US1MIHL0004,"JONESVILLE 5.9 ENE, MI US",2026,3,,,0,,
US1MIHL0004,"JONESVILLE 5.9 ENE, MI US",2026,4,,,0,,
US1MIHL0005,"HILLSDALE 3.2 SW, MI US",2026,1,,,0,,
US1MIHL0005,"HILLSDALE 3.2 SW, MI US",2026,2,,,0,,
US1MIHL0005,"HILLSDALE 3.2 SW, MI US",2026,3,,,0,,
US1MIHL0005,"HILLSDALE 3.2 SW, MI US",2026,4,,,0,,
US1MIHL0006,"MOSCOW 1.0 NE, MI US",2026,3,,,0,,
US1MIHL0013,"OSSEO 2.7 NE, MI US",2026,1,,,0,,
US1MIHL0013,"OSSEO 2.7 NE, MI US",2026,2,,,0,,
US1MIHL0013,"OSSEO 2.7 NE, MI US",2026,3,,,0,,
US1MIHL0013,"OSSEO 2.7 NE, MI US",2026,4,,,0,,
US1MIHL0015,"HILLSDALE 2.5 ESE, MI US",2026,1,,,0,,
US1MIHL0015,"HILLSDALE 2.5 ESE, MI US",2026,2,,,0,,
US1MIHL0015,"HILLSDALE 2.5 ESE, MI US",2026,3,,,0,,
US1MIHL0015,"HILLSDALE 2.5 ESE, MI US",2026,4,,,0,,
US1MIHR0001,"BAD AXE 6.3 SSW, MI US",2026,1,,,0,,
US1MIHR0001,"BAD AXE 6.3 SSW, MI US",2026,2,,,0,,
US1MIHR0001,"BAD AXE 6.3 SSW, MI US",2026,3,,,0,,
US1MIHR0001,"BAD AXE 6.3 SSW, MI US",2026,4,,,0,,
US1MIIC0003,"EAST TAWAS 0.8 WSW, MI US",2026,1,,,0,,
US1MIIC0003,"EAST TAWAS 0.8 WSW, MI US",2026,2,,,0,,
US1MIIC0003,"EAST TAWAS 0.8 WSW, MI US",2026,3,,,0,,
US1MIIC0003,"EAST TAWAS 0.8 WSW, MI US",2026,4,,,0,,
US1MIIC0006,"NATIONAL CITY 4.5 NNE, MI US",2026,1,,,0,,
US1MIIC0006,"NATIONAL CITY 4.5 NNE, MI US",2026,2,,,0,,
US1MIIC0006,"NATIONAL CITY 4.5 NNE, MI US",2026,3,,,0,,
US1MIIC0006,"NATIONAL CITY 4.5 NNE, MI US",2026,4,,,0,,
US1MIIH0007,"OKEMOS 0.6 ESE, MI US",2026,1,,,0,,
US1MIIH0007,"OKEMOS 0.6 ESE, MI US",2026,2,,,0,,
US1MIIH0007,"OKEMOS 0.6 ESE, MI US",2026,3,,,0,,
US1MIIH0007,"OKEMOS 0.6 ESE, MI US",2026,4,,,0,,
US1MIIH0027,"DANSVILLE 1.6 S, MI US",2026,1,,,0,,
US1MIIH0027,"DANSVILLE 1.6 S, MI US",2026,2,,,0,,
US1MIIH0027,"DANSVILLE 1.6 S, MI US",2026,3,,,0,,
US1MIIH0027,"DANSVILLE 1.6 S, MI US",2026,4,,,0,,
US1MIIH0032,"WILLIAMSTON 4.0 ESE, MI US",2026,1,,,0,,
US1MIIH0032,"WILLIAMSTON 4.0 ESE, MI US",2026,2,,,0,,
US1MIIH0032,"WILLIAMSTON 4.0 ESE, MI US",2026,3,,,0,,
US1MIIH0032,"WILLIAMSTON 4.0 ESE, MI US",2026,4,,,0,,
US1MIIH0045,"LANSING 1.0 ENE, MI US",2026,1,,,0,,
US1MIIH0045,"LANSING 1.0 ENE, MI US",2026,2,,,0,,
US1MIIH0045,"LANSING 1.0 ENE, MI US",2026,3,,,0,,
US1MIIH0045,"LANSING 1.0 ENE, MI US",2026,4,,,0,,
US1MIIH0056,"EAST LANSING 1.4 NNW, MI US",2026,1,,,0,,
US1MIIH0056,"EAST LANSING 1.4 NNW, MI US",2026,2,,,0,,
US1MIIH0056,"EAST LANSING 1.4 NNW, MI US",2026,3,,,0,,
US1MIIH0056,"EAST LANSING 1.4 NNW, MI US",2026,4,,,0,,
US1MIIH0057,"HASLETT 1.6 ESE, MI US",2026,3,,,0,,
US1MIIH0057,"HASLETT 1.6 ESE, MI US",2026,4,,,0,,
US1MIIH0058,"LANSING 1.3 WNW, MI US",2026,1,,,0,,
US1MIIH0058,"LANSING 1.3 WNW, MI US",2026,3,,,0,,
US1MIIH0058,"LANSING 1.3 WNW, MI US",2026,4,,,0,,
US1MIIH0060,"WILLIAMSTON 3.8 NNW, MI US",2026,1,,,0,,
US1MIIH0060,"WILLIAMSTON 3.8 NNW, MI US",2026,2,,,0,,
US1MIIH0060,"WILLIAMSTON 3.8 NNW, MI US",2026,3,,,0,,
US1MIIH0060,"WILLIAMSTON 3.8 NNW, MI US",2026,4,,,0,,
US1MIIH0061,"LESLIE 4.3 E, MI US",2026,1,,,0,,
US1MIIH0061,"LESLIE 4.3 E, MI US",2026,2,,,0,,
US1MIIH0061,"LESLIE 4.3 E, MI US",2026,3,,,0,,
US1MIIH0061,"LESLIE 4.3 E, MI US",2026,4,,,0,,
US1MIIN0001,"SARANAC 2.6 NE, MI US",2026,1,,,0,,
US1MIIN0001,"SARANAC 2.6 NE, MI US",2026,2,,,0,,
US1MIIN0001,"SARANAC 2.6 NE, MI US",2026,3,,,0,,
US1MIIN0001,"SARANAC 2.6 NE, MI US",2026,4,,,0,,
US1MIIR0002,"CRYSTAL FALLS 20.5 N, MI US",2026,1,,,0,,
US1MIIS0005,"SHEPHERD 3.7 SSE, MI US",2026,1,,,0,,
US1MIIS0005,"SHEPHERD 3.7 SSE, MI US",2026,2,,,0,,
US1MIIS0005,"SHEPHERD 3.7 SSE, MI US",2026,3,,,0,,
US1MIIS0005,"SHEPHERD 3.7 SSE, MI US",2026,4,,,0,,
US1MIIS0007,"MOUNT PLEASANT 3.8 ESE, MI US",2026,3,,,0,,
US1MIIS0007,"MOUNT PLEASANT 3.8 ESE, MI US",2026,4,,,0,,
US1MIIS0008,"MOUNT PLEASANT 1.4 NE, MI US",2026,1,,,0,,
US1MIIS0008,"MOUNT PLEASANT 1.4 NE, MI US",2026,2,,,0,,
US1MIIS0008,"MOUNT PLEASANT 1.4 NE, MI US",2026,3,,,0,,
US1MIIS0008,"MOUNT PLEASANT 1.4 NE, MI US",2026,4,,,0,,
US1MIIS0011,"MOUNT PLEASANT 7.0 ENE, MI US",2026,1,,,0,,
US1MIIS0011,"MOUNT PLEASANT 7.0 ENE, MI US",2026,2,,,0,,
US1MIIS0011,"MOUNT PLEASANT 7.0 ENE, MI US",2026,3,,,0,,
US1MIIS0011,"MOUNT PLEASANT 7.0 ENE, MI US",2026,4,,,0,,
US1MIJC0005,"JACKSON 2.8 WSW, MI US",2026,1,,,0,,
US1MIJC0005,"JACKSON 2.8 WSW, MI US",2026,2,,,0,,
US1MIJC0005,"JACKSON 2.8 WSW, MI US",2026,3,,,0,,
US1MIJC0007,"JACKSON 1.2 ENE, MI US",2026,2,,,0,,
US1MIJC0007,"JACKSON 1.2 ENE, MI US",2026,3,,,0,,
US1MIJC0007,"JACKSON 1.2 ENE, MI US",2026,4,,,0,,
US1MIJC0010,"HANOVER 4.1 E, MI US",2026,1,,,0,,
US1MIJC0011,"JACKSON 3.2 W, MI US",2026,1,,,0,,
US1MIJC0011,"JACKSON 3.2 W, MI US",2026,2,,,0,,
US1MIJC0011,"JACKSON 3.2 W, MI US",2026,3,,,0,,
US1MIJC0011,"JACKSON 3.2 W, MI US",2026,4,,,0,,
US1MIKN0008,"GRAND RAPIDS 3.1 NNE, MI US",2026,1,,,0,,
US1MIKN0008,"GRAND RAPIDS 3.1 NNE, MI US",2026,2,,,0,,
US1MIKN0008,"GRAND RAPIDS 3.1 NNE, MI US",2026,3,,,0,,
US1MIKN0008,"GRAND RAPIDS 3.1 NNE, MI US",2026,4,,,0,,
US1MIKN0011,"LOWELL 1.4 ESE, MI US",2026,1,,,0,,
US1MIKN0011,"LOWELL 1.4 ESE, MI US",2026,2,,,0,,
US1MIKN0011,"LOWELL 1.4 ESE, MI US",2026,3,,,0,,
US1MIKN0011,"LOWELL 1.4 ESE, MI US",2026,4,,,0,,
US1MIKN0032,"GRAND RAPIDS 2.9 NW, MI US",2026,1,,,0,,
US1MIKN0032,"GRAND RAPIDS 2.9 NW, MI US",2026,2,,,0,,
US1MIKN0032,"GRAND RAPIDS 2.9 NW, MI US",2026,3,,,0,,
US1MIKN0032,"GRAND RAPIDS 2.9 NW, MI US",2026,4,,,0,,
US1MIKN0033,"GRAND RAPIDS 3.0 NW, MI US",2026,1,,,0,,
US1MIKN0033,"GRAND RAPIDS 3.0 NW, MI US",2026,2,,,0,,
US1MIKN0033,"GRAND RAPIDS 3.0 NW, MI US",2026,3,,,0,,
US1MIKN0033,"GRAND RAPIDS 3.0 NW, MI US",2026,4,,,0,,
US1MIKN0043,"CALEDONIA 4.4 WNW, MI US",2026,1,,,0,,
US1MIKN0043,"CALEDONIA 4.4 WNW, MI US",2026,2,,,0,,
US1MIKN0043,"CALEDONIA 4.4 WNW, MI US",2026,3,,,0,,
US1MIKN0048,"KENTWOOD 1.6 WSW, MI US",2026,1,,,0,,
US1MIKN0048,"KENTWOOD 1.6 WSW, MI US",2026,2,,,0,,
US1MIKN0048,"KENTWOOD 1.6 WSW, MI US",2026,3,,,0,,
US1MIKN0048,"KENTWOOD 1.6 WSW, MI US",2026,4,,,0,,
US1MIKN0065,"BELMONT 1.0 WNW, MI US",2026,1,,,0,,
US1MIKN0065,"BELMONT 1.0 WNW, MI US",2026,2,,,0,,
US1MIKN0065,"BELMONT 1.0 WNW, MI US",2026,3,,,0,,
US1MIKN0077,"COMSTOCK PARK 1.0 NNW, MI US",2026,2,,,0,,
US1MIKN0077,"COMSTOCK PARK 1.0 NNW, MI US",2026,3,,,0,,
US1MIKN0077,"COMSTOCK PARK 1.0 NNW, MI US",2026,4,,,0,,
US1MIKN0078,"CEDAR SPRINGS 2.8 SSW, MI US",2026,3,,,0,,
US1MIKN0078,"CEDAR SPRINGS 2.8 SSW, MI US",2026,4,,,0,,
US1MIKN0083,"ROCKFORD 5.0 ESE, MI US",2026,1,,,0,,
US1MIKN0083,"ROCKFORD 5.0 ESE, MI US",2026,2,,,0,,
US1MIKN0083,"ROCKFORD 5.0 ESE, MI US",2026,3,,,0,,
US1MIKN0083,"ROCKFORD 5.0 ESE, MI US",2026,4,,,0,,
US1MIKN0084,"GRAND RAPIDS 4.6 ESE, MI US",2026,1,,,0,,
US1MIKN0084,"GRAND RAPIDS 4.6 ESE, MI US",2026,2,,,0,,
US1MIKN0084,"GRAND RAPIDS 4.6 ESE, MI US",2026,3,,,0,,
US1MIKN0084,"GRAND RAPIDS 4.6 ESE, MI US",2026,4,,,0,,
US1MIKN0086,"GRAND RAPIDS 5.5 SSE, MI US",2026,3,,,0,,
US1MIKN0086,"GRAND RAPIDS 5.5 SSE, MI US",2026,4,,,0,,
US1MIKN0093,"GRANDVILLE 0.6 SSW, MI US",2026,1,,,0,,
US1MIKN0093,"GRANDVILLE 0.6 SSW, MI US",2026,2,,,0,,
US1MIKN0093,"GRANDVILLE 0.6 SSW, MI US",2026,3,,,0,,
US1MIKN0093,"GRANDVILLE 0.6 SSW, MI US",2026,4,,,0,,
US1MIKN0094,"CALEDONIA 2.6 NNW, MI US",2026,1,,,0,,
US1MIKN0094,"CALEDONIA 2.6 NNW, MI US",2026,2,,,0,,
US1MIKN0094,"CALEDONIA 2.6 NNW, MI US",2026,3,,,0,,
US1MIKN0095,"TRUFANT 1.8 SE, MI US",2026,3,,,0,,
US1MIKN0095,"TRUFANT 1.8 SE, MI US",2026,4,,,0,,
US1MIKN0102,"LOWELL 5.5 NW, MI US",2026,3,,,0,,
US1MIKN0106,"LOWELL 5.5 N, MI US",2026,1,,,0,,
US1MIKN0106,"LOWELL 5.5 N, MI US",2026,2,,,0,,
US1MIKN0106,"LOWELL 5.5 N, MI US",2026,3,,,0,,
US1MIKN0106,"LOWELL 5.5 N, MI US",2026,4,,,0,,
US1MIKN0116,"EAST GRAND RAPIDS 1.1 SSW, MI US",2026,3,,,0,,
US1MIKN0116,"EAST GRAND RAPIDS 1.1 SSW, MI US",2026,4,,,0,,
US1MIKN0121,"SPARTA 0.3 NE, MI US",2026,1,,,0,,
US1MIKN0121,"SPARTA 0.3 NE, MI US",2026,2,,,0,,
US1MIKN0121,"SPARTA 0.3 NE, MI US",2026,3,,,0,,
US1MIKN0121,"SPARTA 0.3 NE, MI US",2026,4,,,0,,
US1MIKN0124,"CEDAR SPRINGS 6.6 NW, MI US",2026,1,,,0,,
US1MIKN0124,"CEDAR SPRINGS 6.6 NW, MI US",2026,2,,,0,,
US1MIKN0124,"CEDAR SPRINGS 6.6 NW, MI US",2026,3,,,0,,
US1MIKN0124,"CEDAR SPRINGS 6.6 NW, MI US",2026,4,,,0,,
US1MIKN0126,"SPARTA 5.7 ENE, MI US",2026,1,,,0,,
US1MIKN0126,"SPARTA 5.7 ENE, MI US",2026,2,,,0,,
US1MIKN0126,"SPARTA 5.7 ENE, MI US",2026,3,,,0,,
US1MIKN0126,"SPARTA 5.7 ENE, MI US",2026,4,,,0,,
US1MIKN0127,"ALTO 2.9 S, MI US",2026,1,,,0,,
US1MIKN0127,"ALTO 2.9 S, MI US",2026,2,,,0,,
US1MIKN0127,"ALTO 2.9 S, MI US",2026,3,,,0,,
US1MIKN0127,"ALTO 2.9 S, MI US",2026,4,,,0,,
US1MIKN0128,"GRAND RAPIDS 6.6 W, MI US",2026,3,,,0,,
US1MIKN0130,"GRAND RAPIDS 0.3 S, MI US",2026,1,,,0,,
US1MIKN0130,"GRAND RAPIDS 0.3 S, MI US",2026,3,,,0,,
US1MIKN0130,"GRAND RAPIDS 0.3 S, MI US",2026,4,,,0,,
US1MIKZ0001,"KALAMAZOO 6.0 SW, MI US",2026,1,,,0,,
US1MIKZ0001,"KALAMAZOO 6.0 SW, MI US",2026,2,,,0,,
US1MIKZ0001,"KALAMAZOO 6.0 SW, MI US",2026,3,,,0,,
US1MIKZ0001,"KALAMAZOO 6.0 SW, MI US",2026,4,,,0,,
US1MIKZ0009,"KALAMAZOO 5.6 E, MI US",2026,1,,,0,,
US1MIKZ0009,"KALAMAZOO 5.6 E, MI US",2026,2,,,0,,
US1MIKZ0009,"KALAMAZOO 5.6 E, MI US",2026,3,,,0,,
US1MIKZ0009,"KALAMAZOO 5.6 E, MI US",2026,4,,,0,,
US1MIKZ0025,"PORTAGE 0.8 WSW, MI US",2026,3,,,0,,
US1MIKZ0025,"PORTAGE 0.8 WSW, MI US",2026,4,,,0,,
US1MIKZ0031,"PORTAGE 5.6 E, MI US",2026,1,,,0,,
US1MIKZ0031,"PORTAGE 5.6 E, MI US",2026,2,,,0,,
US1MIKZ0031,"PORTAGE 5.6 E, MI US",2026,3,,,0,,
US1MIKZ0031,"PORTAGE 5.6 E, MI US",2026,4,,,0,,
US1MIKZ0032,"KALAMAZOO 1.6 WSW, MI US",2026,1,,,0,,
US1MIKZ0032,"KALAMAZOO 1.6 WSW, MI US",2026,2,,,0,,
US1MIKZ0032,"KALAMAZOO 1.6 WSW, MI US",2026,3,,,0,,
US1MIKZ0032,"KALAMAZOO 1.6 WSW, MI US",2026,4,,,0,,
US1MIKZ0037,"GALESBURG 2.5 W, MI US",2026,2,,,0,,
US1MIKZ0037,"GALESBURG 2.5 W, MI US",2026,3,,,0,,
US1MIKZ0037,"GALESBURG 2.5 W, MI US",2026,4,,,0,,
US1MIKZ0039,"GALESBURG 1.4 NNW, MI US",2026,1,,,0,,
US1MIKZ0039,"GALESBURG 1.4 NNW, MI US",2026,2,,,0,,
US1MIKZ0039,"GALESBURG 1.4 NNW, MI US",2026,3,,,0,,
US1MIKZ0039,"GALESBURG 1.4 NNW, MI US",2026,4,,,0,,
US1MILL0008,"SUTTONS BAY 1.7 N, MI US",2026,1,,,0,,
US1MILL0008,"SUTTONS BAY 1.7 N, MI US",2026,2,,,0,,
US1MILL0008,"SUTTONS BAY 1.7 N, MI US",2026,3,,,0,,
US1MILN0016,"CLINTON 0.5 NE, MI US",2026,1,,,0,,
US1MILN0016,"CLINTON 0.5 NE, MI US",2026,2,,,0,,
US1MILN0016,"CLINTON 0.5 NE, MI US",2026,3,,,0,,
US1MILN0016,"CLINTON 0.5 NE, MI US",2026,4,,,0,,
US1MILN0019,"BLISSFIELD 2.2 N, MI US",2026,3,,,0,,
US1MILN0019,"BLISSFIELD 2.2 N, MI US",2026,4,,,0,,
US1MILP0014,"LAPEER 4.4 SSE, MI US",2026,1,,,0,,
US1MILP0014,"LAPEER 4.4 SSE, MI US",2026,2,,,0,,
US1MILP0014,"LAPEER 4.4 SSE, MI US",2026,3,,,0,,
US1MILP0014,"LAPEER 4.4 SSE, MI US",2026,4,,,0,,
US1MILV0008,"FENTON 5.6 WSW, MI US",2026,1,,,0,,
US1MILV0008,"FENTON 5.6 WSW, MI US",2026,2,,,0,,
US1MILV0008,"FENTON 5.6 WSW, MI US",2026,3,,,0,,
US1MILV0008,"FENTON 5.6 WSW, MI US",2026,4,,,0,,
US1MILV0014,"BRIGHTON 2.5 E, MI US",2026,1,,,0,,
US1MILV0014,"BRIGHTON 2.5 E, MI US",2026,2,,,0,,
US1MILV0014,"BRIGHTON 2.5 E, MI US",2026,3,,,0,,
US1MILV0014,"BRIGHTON 2.5 E, MI US",2026,4,,,0,,
US1MILV0020,"PINCKNEY 5.4 E, MI US",2026,3,,,0,,
US1MILV0020,"PINCKNEY 5.4 E, MI US",2026,4,,,0,,
US1MILV0026,"FENTON 6.2 WSW, MI US",2026,1,,,0,,
US1MILV0026,"FENTON 6.2 WSW, MI US",2026,2,,,0,,
US1MILV0026,"FENTON 6.2 WSW, MI US",2026,3,,,0,,
US1MILV0026,"FENTON 6.2 WSW, MI US",2026,4,,,0,,
US1MILV0030,"LINDEN 6.5 SW, MI US",2026,1,,,0,,
US1MILV0030,"LINDEN 6.5 SW, MI US",2026,2,,,0,,
US1MILV0030,"LINDEN 6.5 SW, MI US",2026,3,,,0,,
US1MILV0032,"HOWELL 3.7 WSW, MI US",2026,1,,,0,,
US1MILV0032,"HOWELL 3.7 WSW, MI US",2026,2,,,0,,
US1MILV0032,"HOWELL 3.7 WSW, MI US",2026,3,,,0,,
US1MILV0032,"HOWELL 3.7 WSW, MI US",2026,4,,,0,,
US1MILV0036,"FOWLERVILLE 0.2 SSW, MI US",2026,1,,,0,,
US1MILV0036,"FOWLERVILLE 0.2 SSW, MI US",2026,2,,,0,,
US1MILV0036,"FOWLERVILLE 0.2 SSW, MI US",2026,3,,,0,,
US1MILV0036,"FOWLERVILLE 0.2 SSW, MI US",2026,4,,,0,,
US1MIMB0007,"SHELBY 0.4 SSE, MI US",2026,1,,,0,,
US1MIMB0007,"SHELBY 0.4 SSE, MI US",2026,2,,,0,,
US1MIMB0007,"SHELBY 0.4 SSE, MI US",2026,3,,,0,,
US1MIMB0007,"SHELBY 0.4 SSE, MI US",2026,4,,,0,,
US1MIMB0009,"NEW BALTIMORE 0.4 SSE, MI US",2026,1,,,0,,
US1MIMB0009,"NEW BALTIMORE 0.4 SSE, MI US",2026,2,,,0,,
US1MIMB0009,"NEW BALTIMORE 0.4 SSE, MI US",2026,3,,,0,,
US1MIMB0009,"NEW BALTIMORE 0.4 SSE, MI US",2026,4,,,0,,
US1MIMB0030,"SHELBY 2.6 SW, MI US",2026,3,,,0,,
US1MIMB0030,"SHELBY 2.6 SW, MI US",2026,4,,,0,,
US1MIMB0033,"ROSEVILLE 1.7 ENE, MI US",2026,1,,,0,,
US1MIMB0033,"ROSEVILLE 1.7 ENE, MI US",2026,2,,,0,,
US1MIMB0033,"ROSEVILLE 1.7 ENE, MI US",2026,3,,,0,,
US1MIMB0033,"ROSEVILLE 1.7 ENE, MI US",2026,4,,,0,,
US1MIMB0065,"CHESTERFIELD 2.4 E, MI US",2026,1,,,0,,
US1MIMB0065,"CHESTERFIELD 2.4 E, MI US",2026,4,,,0,,
US1MIMB0070,"STERLING HEIGHTS 2.2 NNE, MI US",2026,1,,,0,,
US1MIMB0070,"STERLING HEIGHTS 2.2 NNE, MI US",2026,2,,,0,,
US1MIMB0070,"STERLING HEIGHTS 2.2 NNE, MI US",2026,3,,,0,,
US1MIMB0070,"STERLING HEIGHTS 2.2 NNE, MI US",2026,4,,,0,,
US1MIMB0071,"ST CLAIR SHORES 2.5 N, MI US",2026,1,,,0,,
US1MIMB0071,"ST CLAIR SHORES 2.5 N, MI US",2026,2,,,0,,
US1MIMB0071,"ST CLAIR SHORES 2.5 N, MI US",2026,3,,,0,,
US1MIMB0071,"ST CLAIR SHORES 2.5 N, MI US",2026,4,,,0,,
US1MIMB0073,"EASTPOINTE 1.2 SSW, MI US",2026,1,,,0,,
US1MIMB0073,"EASTPOINTE 1.2 SSW, MI US",2026,2,,,0,,
US1MIMB0073,"EASTPOINTE 1.2 SSW, MI US",2026,3,,,0,,
US1MIMB0073,"EASTPOINTE 1.2 SSW, MI US",2026,4,,,0,,
US1MIMB0078,"NEW BALTIMORE 2.8 W, MI US",2026,3,,,0,,
US1MIMB0078,"NEW BALTIMORE 2.8 W, MI US",2026,4,,,0,,
US1MIMB0084,"HARRISON 1.7 SW, MI US",2026,1,,,0,,
US1MIMB0084,"HARRISON 1.7 SW, MI US",2026,2,,,0,,
US1MIMB0084,"HARRISON 1.7 SW, MI US",2026,3,,,0,,
US1MIMB0084,"HARRISON 1.7 SW, MI US",2026,4,,,0,,
US1MIMB0085,"NEW HAVEN 2.7 S, MI US",2026,1,,,0,,
US1MIMB0085,"NEW HAVEN 2.7 S, MI US",2026,2,,,0,,
US1MIMB0085,"NEW HAVEN 2.7 S, MI US",2026,3,,,0,,
US1MIMB0085,"NEW HAVEN 2.7 S, MI US",2026,4,,,0,,
US1MIMC0003,"CEDARVILLE 3.2 ESE, MI US",2026,1,,,0,,
US1MIMC0003,"CEDARVILLE 3.2 ESE, MI US",2026,2,,,0,,
US1MIMC0003,"CEDARVILLE 3.2 ESE, MI US",2026,3,,,0,,
US1MIMC0005,"ST. IGNACE 0.6 WSW, MI US",2026,1,,,0,,
US1MIMC0005,"ST. IGNACE 0.6 WSW, MI US",2026,2,,,0,,
US1MIMC0005,"ST. IGNACE 0.6 WSW, MI US",2026,3,,,0,,
US1MIMC0005,"ST. IGNACE 0.6 WSW, MI US",2026,4,,,0,,
US1MIMD0004,"MIDLAND 4.4 W, MI US",2026,3,,,0,,
US1MIMD0004,"MIDLAND 4.4 W, MI US",2026,4,,,0,,
US1MIMD0010,"MIDLAND 1.5 NNE, MI US",2026,1,,,0,,
US1MIMD0010,"MIDLAND 1.5 NNE, MI US",2026,2,,,0,,
US1MIMD0010,"MIDLAND 1.5 NNE, MI US",2026,3,,,0,,
US1MIMD0010,"MIDLAND 1.5 NNE, MI US",2026,4,,,0,,
US1MIMD0015,"MIDLAND 4.4 SW, MI US",2026,1,,,0,,
US1MIMD0015,"MIDLAND 4.4 SW, MI US",2026,2,,,0,,
US1MIMD0015,"MIDLAND 4.4 SW, MI US",2026,3,,,0,,
US1MIMD0015,"MIDLAND 4.4 SW, MI US",2026,4,,,0,,
US1MIMD0016,"MIDLAND 1.5 NE, MI US",2026,1,,,0,,
US1MIMD0016,"MIDLAND 1.5 NE, MI US",2026,2,,,0,,
US1MIMD0016,"MIDLAND 1.5 NE, MI US",2026,3,,,0,,
US1MIMD0016,"MIDLAND 1.5 NE, MI US",2026,4,,,0,,
US1MIME0011,"BIG RAPIDS 5.4 S, MI US",2026,1,,,0,,
US1MIME0011,"BIG RAPIDS 5.4 S, MI US",2026,2,,,0,,
US1MIME0011,"BIG RAPIDS 5.4 S, MI US",2026,3,,,0,,
US1MIME0011,"BIG RAPIDS 5.4 S, MI US",2026,4,,,0,,
US1MIME0012,"BIG RAPIDS 3.1 SE, MI US",2026,1,,,0,,
US1MIME0012,"BIG RAPIDS 3.1 SE, MI US",2026,2,,,0,,
US1MIME0012,"BIG RAPIDS 3.1 SE, MI US",2026,3,,,0,,
US1MIME0012,"BIG RAPIDS 3.1 SE, MI US",2026,4,,,0,,
US1MIMK0001,"LAKE CITY 5.0 SSW, MI US",2026,1,,,0,,
US1MIMK0001,"LAKE CITY 5.0 SSW, MI US",2026,2,,,0,,
US1MIMK0001,"LAKE CITY 5.0 SSW, MI US",2026,3,,,0,,
US1MIMK0001,"LAKE CITY 5.0 SSW, MI US",2026,4,,,0,,
US1MIMM0001,"SPALDING 0.5 NW, MI US",2026,1,,,0,,
US1MIMM0001,"SPALDING 0.5 NW, MI US",2026,2,,,0,,
US1MIMM0001,"SPALDING 0.5 NW, MI US",2026,3,,,0,,
US1MIMM0008,"MENOMINEE 4.1 NW, MI US",2026,1,,,0,,
US1MIMM0008,"MENOMINEE 4.1 NW, MI US",2026,2,,,0,,
US1MIMM0008,"MENOMINEE 4.1 NW, MI US",2026,3,,,0,,
US1MIMM0008,"MENOMINEE 4.1 NW, MI US",2026,4,,,0,,
US1MIMM0009,"MENOMINEE 9.4 NNE, MI US",2026,1,,,0,,
US1MIMM0009,"MENOMINEE 9.4 NNE, MI US",2026,2,,,0,,
US1MIMM0009,"MENOMINEE 9.4 NNE, MI US",2026,3,,,0,,
US1MIMM0009,"MENOMINEE 9.4 NNE, MI US",2026,4,,,0,,
US1MIMQ0016,"MARQUETTE 0.4 ESE, MI US",2026,1,,,0,,
US1MIMQ0016,"MARQUETTE 0.4 ESE, MI US",2026,2,,,0,,
US1MIMQ0016,"MARQUETTE 0.4 ESE, MI US",2026,3,,,0,,
US1MIMQ0016,"MARQUETTE 0.4 ESE, MI US",2026,4,,,0,,
US1MIMQ0019,"ISHPEMING 7.2 SW, MI US",2026,1,,,0,,
US1MIMQ0019,"ISHPEMING 7.2 SW, MI US",2026,2,,,0,,
US1MIMQ0019,"ISHPEMING 7.2 SW, MI US",2026,3,,,0,,
US1MIMQ0019,"ISHPEMING 7.2 SW, MI US",2026,4,,,0,,
US1MIMQ0024,"WOBIC 0.5 ESE, MI US",2026,1,,,0,,
US1MIMQ0024,"WOBIC 0.5 ESE, MI US",2026,2,,,0,,
US1MIMQ0024,"WOBIC 0.5 ESE, MI US",2026,3,,,0,,
US1MIMQ0024,"WOBIC 0.5 ESE, MI US",2026,4,,,0,,
US1MIMQ0030,"MARQUETTE 6.1 SSW, MI US",2026,1,,,0,,
US1MIMQ0030,"MARQUETTE 6.1 SSW, MI US",2026,2,,,0,,
US1MIMQ0030,"MARQUETTE 6.1 SSW, MI US",2026,3,,,0,,
US1MIMQ0030,"MARQUETTE 6.1 SSW, MI US",2026,4,,,0,,
US1MIMQ0032,"BIG BAY 9.0 SE, MI US",2026,1,,,0,,
US1MIMQ0032,"BIG BAY 9.0 SE, MI US",2026,2,,,0,,
US1MIMQ0032,"BIG BAY 9.0 SE, MI US",2026,3,,,0,,
US1MIMQ0032,"BIG BAY 9.0 SE, MI US",2026,4,,,0,,
US1MIMQ0033,"MARQUETTE 2.0 WNW, MI US",2026,1,,,0,,
US1MIMQ0033,"MARQUETTE 2.0 WNW, MI US",2026,2,,,0,,
US1MIMQ0033,"MARQUETTE 2.0 WNW, MI US",2026,3,,,0,,
US1MIMQ0033,"MARQUETTE 2.0 WNW, MI US",2026,4,,,0,,
US1MIMQ0034,"SKANDIA 3.0 SSE, MI US",2026,1,,,0,,
US1MIMQ0034,"SKANDIA 3.0 SSE, MI US",2026,2,,,0,,
US1MIMQ0034,"SKANDIA 3.0 SSE, MI US",2026,3,,,0,,
US1MIMQ0034,"SKANDIA 3.0 SSE, MI US",2026,4,,,0,,
US1MIMR0004,"MONROE 3.0 S, MI US",2026,1,,,0,,
US1MIMR0004,"MONROE 3.0 S, MI US",2026,2,,,0,,
US1MIMR0004,"MONROE 3.0 S, MI US",2026,3,,,0,,
US1MIMR0004,"MONROE 3.0 S, MI US",2026,4,,,0,,
US1MIMR0009,"CARLETON 2.5 S, MI US",2026,1,,,0,,
US1MIMR0009,"CARLETON 2.5 S, MI US",2026,2,,,0,,
US1MIMR0009,"CARLETON 2.5 S, MI US",2026,3,,,0,,
US1MIMR0009,"CARLETON 2.5 S, MI US",2026,4,,,0,,
US1MIMR0016,"OTTAWA LAKE 1.4 SSW, MI US",2026,1,,,0,,
US1MIMR0016,"OTTAWA LAKE 1.4 SSW, MI US",2026,2,,,0,,
US1MIMR0016,"OTTAWA LAKE 1.4 SSW, MI US",2026,3,,,0,,
US1MIMR0016,"OTTAWA LAKE 1.4 SSW, MI US",2026,4,,,0,,
US1MIMR0017,"MONROE 5.9 NW, MI US",2026,1,,,0,,
US1MIMR0017,"MONROE 5.9 NW, MI US",2026,2,,,0,,
US1MIMR0017,"MONROE 5.9 NW, MI US",2026,3,,,0,,
US1MIMR0022,"TEMPERANCE 4.6 WNW, MI US",2026,1,,,0,,
US1MIMR0022,"TEMPERANCE 4.6 WNW, MI US",2026,2,,,0,,
US1MIMR0022,"TEMPERANCE 4.6 WNW, MI US",2026,3,,,0,,
US1MIMR0022,"TEMPERANCE 4.6 WNW, MI US",2026,4,,,0,,
US1MIMS0008,"LUDINGTON 1.8 NE, MI US",2026,1,,,0,,
US1MIMS0008,"LUDINGTON 1.8 NE, MI US",2026,2,,,0,,
US1MIMS0008,"LUDINGTON 1.8 NE, MI US",2026,3,,,0,,
US1MIMS0009,"LUDINGTON 5.1 ENE, MI US",2026,4,,,0,,
US1MIMS0010,"SCOTTVILLE 2.1 ESE, MI US",2026,1,,,0,,
US1MIMS0010,"SCOTTVILLE 2.1 ESE, MI US",2026,2,,,0,,
US1MIMS0010,"SCOTTVILLE 2.1 ESE, MI US",2026,3,,,0,,
US1MIMS0010,"SCOTTVILLE 2.1 ESE, MI US",2026,4,,,0,,
US1MIMT0008,"EDMORE 3.8 ESE, MI US",2026,1,,,0,,
US1MIMT0008,"EDMORE 3.8 ESE, MI US",2026,2,,,0,,
US1MIMT0008,"EDMORE 3.8 ESE, MI US",2026,3,,,0,,
US1MIMT0008,"EDMORE 3.8 ESE, MI US",2026,4,,,0,,
US1MIMT0013,"VESTABURG 1.7 S, MI US",2026,1,,,0,,
US1MIMT0013,"VESTABURG 1.7 S, MI US",2026,2,,,0,,
US1MIMT0013,"VESTABURG 1.7 S, MI US",2026,3,,,0,,
US1MIMT0013,"VESTABURG 1.7 S, MI US",2026,4,,,0,,
US1MIMT0014,"LAKEVIEW 7.1 SE, MI US",2026,1,,,0,,
US1MIMT0014,"LAKEVIEW 7.1 SE, MI US",2026,2,,,0,,
US1MIMT0014,"LAKEVIEW 7.1 SE, MI US",2026,3,,,0,,
US1MIMT0014,"LAKEVIEW 7.1 SE, MI US",2026,4,,,0,,
US1MINW0008,"WHITE CLOUD 7.5 ENE, MI US",2026,1,,,0,,
US1MINW0008,"WHITE CLOUD 7.5 ENE, MI US",2026,2,,,0,,
US1MINW0008,"WHITE CLOUD 7.5 ENE, MI US",2026,3,,,0,,
US1MINW0008,"WHITE CLOUD 7.5 ENE, MI US",2026,4,,,0,,
US1MIOC0002,"MONTAGUE 8.1 NW, MI US",2026,3,,,0,,
US1MIOC0002,"MONTAGUE 8.1 NW, MI US",2026,4,,,0,,
US1MIOD0003,"LUZERNE 2.4 NE, MI US",2026,1,,,0,,
US1MIOD0003,"LUZERNE 2.4 NE, MI US",2026,2,,,0,,
US1MIOD0003,"LUZERNE 2.4 NE, MI US",2026,3,,,0,,
US1MIOD0003,"LUZERNE 2.4 NE, MI US",2026,4,,,0,,
US1MIOD0004,"MIO 6.2 NNE, MI US",2026,1,,,0,,
US1MIOD0004,"MIO 6.2 NNE, MI US",2026,2,,,0,,
US1MIOD0004,"MIO 6.2 NNE, MI US",2026,3,,,0,,
US1MIOD0004,"MIO 6.2 NNE, MI US",2026,4,,,0,,
US1MIOG0006,"WEST BRANCH 2.1 SSW, MI US",2026,1,,,0,,
US1MIOG0006,"WEST BRANCH 2.1 SSW, MI US",2026,2,,,0,,
US1MIOG0006,"WEST BRANCH 2.1 SSW, MI US",2026,3,,,0,,
US1MIOG0006,"WEST BRANCH 2.1 SSW, MI US",2026,4,,,0,,
US1MIOG0009,"ALGER 4.9 NNE, MI US",2026,1,,,0,,
US1MIOG0009,"ALGER 4.9 NNE, MI US",2026,2,,,0,,
US1MIOK0031,"WATERFORD 2.6 N, MI US",2026,3,,,0,,
US1MIOK0031,"WATERFORD 2.6 N, MI US",2026,4,,,0,,
US1MIOK0044,"MILFORD 4.3 ESE, MI US",2026,3,,,0,,
US1MIOK0044,"MILFORD 4.3 ESE, MI US",2026,4,,,0,,
US1MIOK0046,"ORCHARD LAKE VILLAGE 0.9 WSW, MI US",2026,1,,,0,,
US1MIOK0046,"ORCHARD LAKE VILLAGE 0.9 WSW, MI US",2026,2,,,0,,
US1MIOK0046,"ORCHARD LAKE VILLAGE 0.9 WSW, MI US",2026,3,,,0,,
US1MIOK0047,"BLOOMFIELD TOWNSHIP 3.1 SW, MI US",2026,1,,,0,,
US1MIOK0047,"BLOOMFIELD TOWNSHIP 3.1 SW, MI US",2026,2,,,0,,
US1MIOK0047,"BLOOMFIELD TOWNSHIP 3.1 SW, MI US",2026,3,,,0,,
US1MIOK0053,"WIXOM 1.3 NE, MI US",2026,4,,,0,,
US1MIOK0063,"FENTON 2.7 SSE, MI US",2026,1,,,0,,
US1MIOK0063,"FENTON 2.7 SSE, MI US",2026,2,,,0,,
US1MIOK0063,"FENTON 2.7 SSE, MI US",2026,3,,,0,,
US1MIOK0063,"FENTON 2.7 SSE, MI US",2026,4,,,0,,
US1MIOK0066,"DAVISBURG 1.3 ESE, MI US",2026,1,,,0,,
US1MIOK0066,"DAVISBURG 1.3 ESE, MI US",2026,2,,,0,,
US1MIOK0066,"DAVISBURG 1.3 ESE, MI US",2026,3,,,0,,
US1MIOK0066,"DAVISBURG 1.3 ESE, MI US",2026,4,,,0,,
US1MIOK0077,"WHITE LAKE 0.5 E, MI US",2026,1,,,0,,
US1MIOK0077,"WHITE LAKE 0.5 E, MI US",2026,2,,,0,,
US1MIOK0077,"WHITE LAKE 0.5 E, MI US",2026,3,,,0,,
US1MIOK0077,"WHITE LAKE 0.5 E, MI US",2026,4,,,0,,
US1MIOK0087,"ORTONVILLE 2.3 S, MI US",2026,1,,,0,,
US1MIOK0087,"ORTONVILLE 2.3 S, MI US",2026,2,,,0,,
US1MIOK0087,"ORTONVILLE 2.3 S, MI US",2026,3,,,0,,
US1MIOK0087,"ORTONVILLE 2.3 S, MI US",2026,4,,,0,,
US1MIOK0107,"CLARKSTON 1.4 NE, MI US",2026,1,,,0,,
US1MIOK0107,"CLARKSTON 1.4 NE, MI US",2026,2,,,0,,
US1MIOK0107,"CLARKSTON 1.4 NE, MI US",2026,3,,,0,,
US1MIOK0107,"CLARKSTON 1.4 NE, MI US",2026,4,,,0,,
US1MIOK0109,"HIGHLAND 1.3 NE, MI US",2026,1,,,0,,
US1MIOK0109,"HIGHLAND 1.3 NE, MI US",2026,2,,,0,,
US1MIOK0109,"HIGHLAND 1.3 NE, MI US",2026,3,,,0,,
US1MIOK0109,"HIGHLAND 1.3 NE, MI US",2026,4,,,0,,
US1MIOK0121,"LAKE ORION 1.1 ENE, MI US",2026,1,,,0,,
US1MIOK0121,"LAKE ORION 1.1 ENE, MI US",2026,3,,,0,,
US1MIOK0121,"LAKE ORION 1.1 ENE, MI US",2026,4,,,0,,
US1MIOK0128,"BERKLEY 0.6 N, MI US",2026,1,,,0,,
US1MIOK0128,"BERKLEY 0.6 N, MI US",2026,2,,,0,,
US1MIOK0128,"BERKLEY 0.6 N, MI US",2026,3,,,0,,
US1MIOK0128,"BERKLEY 0.6 N, MI US",2026,4,,,0,,
US1MIOK0129,"ROCHESTER HILLS 1.6 NNW, MI US",2026,1,,,0,,
US1MIOK0129,"ROCHESTER HILLS 1.6 NNW, MI US",2026,3,,,0,,
US1MIOK0129,"ROCHESTER HILLS 1.6 NNW, MI US",2026,4,,,0,,
US1MIOK0130,"ORCHARD LAKE VILLAGE 1.1 W, MI US",2026,1,,,0,,
US1MIOK0130,"ORCHARD LAKE VILLAGE 1.1 W, MI US",2026,2,,,0,,
US1MIOK0130,"ORCHARD LAKE VILLAGE 1.1 W, MI US",2026,3,,,0,,
US1MIOK0130,"ORCHARD LAKE VILLAGE 1.1 W, MI US",2026,4,,,0,,
US1MIOK0141,"CLAWSON 0.5 S, MI US",2026,1,,,0,,
US1MIOK0141,"CLAWSON 0.5 S, MI US",2026,2,,,0,,
US1MIOK0141,"CLAWSON 0.5 S, MI US",2026,3,,,0,,
US1MIOK0141,"CLAWSON 0.5 S, MI US",2026,4,,,0,,
US1MIOK0142,"WATERFORD 1.1 NE, MI US",2026,1,,,0,,
US1MIOK0142,"WATERFORD 1.1 NE, MI US",2026,2,,,0,,
US1MIOK0142,"WATERFORD 1.1 NE, MI US",2026,3,,,0,,
US1MIOK0142,"WATERFORD 1.1 NE, MI US",2026,4,,,0,,
US1MIOK0148,"HOLLY 6.6 NE, MI US",2026,1,,,0,,
US1MIOK0148,"HOLLY 6.6 NE, MI US",2026,2,,,0,,
US1MIOK0148,"HOLLY 6.6 NE, MI US",2026,3,,,0,,
US1MIOK0148,"HOLLY 6.6 NE, MI US",2026,4,,,0,,
US1MIOK0149,"COMMERCE 1.8 ESE, MI US",2026,1,,,0,,
US1MIOK0149,"COMMERCE 1.8 ESE, MI US",2026,2,,,0,,
US1MIOK0149,"COMMERCE 1.8 ESE, MI US",2026,3,,,0,,
US1MIOK0149,"COMMERCE 1.8 ESE, MI US",2026,4,,,0,,
US1MIOK0151,"LEONARD 1.9 ESE, MI US",2026,3,,,0,,
US1MIOK0151,"LEONARD 1.9 ESE, MI US",2026,4,,,0,,
US1MIOK0152,"NORTHVILLE 1.6 ENE, MI US",2026,1,,,0,,
US1MIOK0152,"NORTHVILLE 1.6 ENE, MI US",2026,2,,,0,,
US1MIOK0152,"NORTHVILLE 1.6 ENE, MI US",2026,3,,,0,,
US1MIOK0152,"NORTHVILLE 1.6 ENE, MI US",2026,4,,,0,,
US1MIOK0158,"BEVERLY HILLS 1.2 W, MI US",2026,2,,,0,,
US1MIOK0158,"BEVERLY HILLS 1.2 W, MI US",2026,3,,,0,,
US1MIOK0158,"BEVERLY HILLS 1.2 W, MI US",2026,4,,,0,,
US1MIOK0160,"DAVISBURG 1.6 WNW, MI US",2026,3,,,0,,
US1MIOK0160,"DAVISBURG 1.6 WNW, MI US",2026,4,,,0,,
US1MION0004,"ONTONAGON 1.8 ESE, MI US",2026,1,,,0,,
US1MION0004,"ONTONAGON 1.8 ESE, MI US",2026,2,,,0,,
US1MION0004,"ONTONAGON 1.8 ESE, MI US",2026,3,,,0,,
US1MION0004,"ONTONAGON 1.8 ESE, MI US",2026,4,,,0,,
US1MIOT0017,"GAYLORD 4.1 S, MI US",2026,1,,,0,,
US1MIOT0017,"GAYLORD 4.1 S, MI US",2026,2,,,0,,
US1MIOT0017,"GAYLORD 4.1 S, MI US",2026,3,,,0,,
US1MIOT0019,"ELMIRA 2.2 ESE, MI US",2026,1,,,0,,
US1MIOT0019,"ELMIRA 2.2 ESE, MI US",2026,2,,,0,,
US1MIOT0019,"ELMIRA 2.2 ESE, MI US",2026,3,,,0,,
US1MIOW0002,"HOLLAND 3.9 NNE, MI US",2026,1,,,0,,
US1MIOW0002,"HOLLAND 3.9 NNE, MI US",2026,2,,,0,,
US1MIOW0002,"HOLLAND 3.9 NNE, MI US",2026,3,,,0,,
US1MIOW0002,"HOLLAND 3.9 NNE, MI US",2026,4,,,0,,
US1MIOW0014,"HOLLAND 4.4 NW, MI US",2026,1,,,0,,
US1MIOW0014,"HOLLAND 4.4 NW, MI US",2026,2,,,0,,
US1MIOW0014,"HOLLAND 4.4 NW, MI US",2026,3,,,0,,
US1MIOW0014,"HOLLAND 4.4 NW, MI US",2026,4,,,0,,
US1MIOW0044,"HOLLAND 3.0 W, MI US",2026,1,,,0,,
US1MIOW0044,"HOLLAND 3.0 W, MI US",2026,2,,,0,,
US1MIOW0044,"HOLLAND 3.0 W, MI US",2026,3,,,0,,
US1MIOW0044,"HOLLAND 3.0 W, MI US",2026,4,,,0,,
US1MIOW0047,"ALLENDALE 2.0 SW, MI US",2026,3,,,0,,
US1MIOW0047,"ALLENDALE 2.0 SW, MI US",2026,4,,,0,,
US1MIOW0049,"HOLLAND 4.2 NW, MI US",2026,1,,,0,,
US1MIOW0049,"HOLLAND 4.2 NW, MI US",2026,2,,,0,,
US1MIOW0049,"HOLLAND 4.2 NW, MI US",2026,3,,,0,,
US1MIOW0049,"HOLLAND 4.2 NW, MI US",2026,4,,,0,,
US1MIOW0054,"SPRING LAKE 1.4 NNW, MI US",2026,1,,,0,,
US1MIOW0061,"GRAND HAVEN 0.2 SW, MI US",2026,3,,,0,,
US1MIOW0061,"GRAND HAVEN 0.2 SW, MI US",2026,4,,,0,,
US1MIOW0063,"WALKER 5.1 W, MI US",2026,1,,,0,,
US1MIOW0063,"WALKER 5.1 W, MI US",2026,2,,,0,,
US1MIOW0063,"WALKER 5.1 W, MI US",2026,3,,,0,,
US1MIOW0063,"WALKER 5.1 W, MI US",2026,4,,,0,,
US1MIOW0064,"COOPERSVILLE 5.1 WSW, MI US",2026,1,,,0,,
US1MIOW0064,"COOPERSVILLE 5.1 WSW, MI US",2026,2,,,0,,
US1MIOW0064,"COOPERSVILLE 5.1 WSW, MI US",2026,3,,,0,,
US1MIOW0064,"COOPERSVILLE 5.1 WSW, MI US",2026,4,,,0,,
US1MIOW0067,"ALLENDALE 1.1 SE, MI US",2026,1,,,0,,
US1MIPI0001,"ROGERS CITY 0.2 WSW, MI US",2026,1,,,0,,
US1MIPI0001,"ROGERS CITY 0.2 WSW, MI US",2026,2,,,0,,
US1MIPI0001,"ROGERS CITY 0.2 WSW, MI US",2026,3,,,0,,
US1MIPI0001,"ROGERS CITY 0.2 WSW, MI US",2026,4,,,0,,
US1MIPI0004,"MILLERSBURG 2.3 NNW, MI US",2026,4,,,0,,
US1MISC0014,"PORT HURON 2.8 WSW, MI US",2026,1,,,0,,
US1MISC0014,"PORT HURON 2.8 WSW, MI US",2026,2,,,0,,
US1MISC0014,"PORT HURON 2.8 WSW, MI US",2026,3,,,0,,
US1MISC0014,"PORT HURON 2.8 WSW, MI US",2026,4,,,0,,
US1MISG0017,"SAGINAW 6.4 W, MI US",2026,1,,,0,,
US1MISG0017,"SAGINAW 6.4 W, MI US",2026,2,,,0,,
US1MISG0017,"SAGINAW 6.4 W, MI US",2026,3,,,0,,
US1MISG0017,"SAGINAW 6.4 W, MI US",2026,4,,,0,,
US1MISG0018,"SAGINAW 4.1 WNW, MI US",2026,3,,,0,,
US1MISG0018,"SAGINAW 4.1 WNW, MI US",2026,4,,,0,,
US1MISG0019,"ST CHARLES 5.0 W, MI US",2026,1,,,0,,
US1MISG0019,"ST CHARLES 5.0 W, MI US",2026,2,,,0,,
US1MISG0019,"ST CHARLES 5.0 W, MI US",2026,3,,,0,,
US1MISG0019,"ST CHARLES 5.0 W, MI US",2026,4,,,0,,
US1MISH0001,"MANISTIQUE 2.7 NW, MI US",2026,1,,,0,,
US1MISH0001,"MANISTIQUE 2.7 NW, MI US",2026,2,,,0,,
US1MISH0001,"MANISTIQUE 2.7 NW, MI US",2026,3,,,0,,
US1MISH0001,"MANISTIQUE 2.7 NW, MI US",2026,4,,,0,,
US1MISW0005,"DURAND 6.2 WNW, MI US",2026,1,,,0,,
US1MISW0005,"DURAND 6.2 WNW, MI US",2026,2,,,0,,
US1MISW0005,"DURAND 6.2 WNW, MI US",2026,3,,,0,,
US1MISW0005,"DURAND 6.2 WNW, MI US",2026,4,,,0,,
US1MISW0008,"OWOSSO 3.3 ENE, MI US",2026,4,,,0,,
US1MISW0012,"OWOSSO 1.0 NW, MI US",2026,1,,,0,,
US1MISW0012,"OWOSSO 1.0 NW, MI US",2026,2,,,0,,
US1MISW0012,"OWOSSO 1.0 NW, MI US",2026,3,,,0,,
US1MISW0012,"OWOSSO 1.0 NW, MI US",2026,4,,,0,,
US1MIVB0002,"GRAND JUNCTION 1.3 ENE, MI US",2026,3,,,0,,
US1MIVB0004,"PAW PAW 3.6 NNE, MI US",2026,1,,,0,,
US1MIVB0004,"PAW PAW 3.6 NNE, MI US",2026,2,,,0,,
US1MIVB0004,"PAW PAW 3.6 NNE, MI US",2026,3,,,0,,
US1MIVB0004,"PAW PAW 3.6 NNE, MI US",2026,4,,,0,,
US1MIVB0010,"SOUTH HAVEN 2.5 SSE, MI US",2026,3,,,0,,
US1MIVB0013,"PAW PAW 2.0 NE, MI US",2026,1,,,0,,
US1MIVB0013,"PAW PAW 2.0 NE, MI US",2026,2,,,0,,
US1MIVB0013,"PAW PAW 2.0 NE, MI US",2026,3,,,0,,
US1MIVB0013,"PAW PAW 2.0 NE, MI US",2026,4,,,0,,
US1MIVB0015,"GOBLES 1.0 ESE, MI US",2026,1,,,0,,
US1MIVB0015,"GOBLES 1.0 ESE, MI US",2026,2,,,0,,
US1MIVB0015,"GOBLES 1.0 ESE, MI US",2026,3,,,0,,
US1MIVB0015,"GOBLES 1.0 ESE, MI US",2026,4,,,0,,
US1MIWS0003,"PLYMOUTH 5.4 W, MI US",2026,1,,,0,,
US1MIWS0003,"PLYMOUTH 5.4 W, MI US",2026,2,,,0,,
US1MIWS0003,"PLYMOUTH 5.4 W, MI US",2026,3,,,0,,
US1MIWS0003,"PLYMOUTH 5.4 W, MI US",2026,4,,,0,,
US1MIWS0005,"ANN ARBOR 3.0 SE, MI US",2026,2,,,0,,
US1MIWS0005,"ANN ARBOR 3.0 SE, MI US",2026,3,,,0,,
US1MIWS0005,"ANN ARBOR 3.0 SE, MI US",2026,4,,,0,,
US1MIWS0011,"ANN ARBOR 2.1 WNW, MI US",2026,1,,,0,,
US1MIWS0011,"ANN ARBOR 2.1 WNW, MI US",2026,2,,,0,,
US1MIWS0011,"ANN ARBOR 2.1 WNW, MI US",2026,3,,,0,,
US1MIWS0011,"ANN ARBOR 2.1 WNW, MI US",2026,4,,,0,,
US1MIWS0024,"ANN ARBOR 2.6 NNE, MI US",2026,1,,,0,,
US1MIWS0024,"ANN ARBOR 2.6 NNE, MI US",2026,3,,,0,,
US1MIWS0025,"SALINE 3.8 SSW, MI US",2026,1,,,0,,
US1MIWS0025,"SALINE 3.8 SSW, MI US",2026,2,,,0,,
US1MIWS0025,"SALINE 3.8 SSW, MI US",2026,3,,,0,,
US1MIWS0025,"SALINE 3.8 SSW, MI US",2026,4,,,0,,
US1MIWS0028,"DEXTER 0.3 ENE, MI US",2026,1,,,0,,
US1MIWS0028,"DEXTER 0.3 ENE, MI US",2026,2,,,0,,
US1MIWS0028,"DEXTER 0.3 ENE, MI US",2026,3,,,0,,
US1MIWS0028,"DEXTER 0.3 ENE, MI US",2026,4,,,0,,
US1MIWS0031,"DEXTER 2.2 SE, MI US",2026,1,,,0,,
US1MIWS0031,"DEXTER 2.2 SE, MI US",2026,2,,,0,,
US1MIWS0031,"DEXTER 2.2 SE, MI US",2026,3,,,0,,
US1MIWS0031,"DEXTER 2.2 SE, MI US",2026,4,,,0,,
US1MIWS0037,"PLYMOUTH 6.3 W, MI US",2026,1,,,0,,
US1MIWS0037,"PLYMOUTH 6.3 W, MI US",2026,3,,,0,,
US1MIWS0037,"PLYMOUTH 6.3 W, MI US",2026,4,,,0,,
US1MIWS0041,"ANN ARBOR 7.1 W, MI US",2026,1,,,0,,
US1MIWS0041,"ANN ARBOR 7.1 W, MI US",2026,2,,,0,,
US1MIWS0041,"ANN ARBOR 7.1 W, MI US",2026,3,,,0,,
US1MIWS0041,"ANN ARBOR 7.1 W, MI US",2026,4,,,0,,
US1MIWS0044,"SALINE 1.3 SSE, MI US",2026,1,,,0,,
US1MIWS0044,"SALINE 1.3 SSE, MI US",2026,2,,,0,,
US1MIWS0044,"SALINE 1.3 SSE, MI US",2026,3,,,0,,
US1MIWS0049,"CHELSEA 2.4 S, MI US",2026,1,,,0,,
US1MIWS0049,"CHELSEA 2.4 S, MI US",2026,2,,,0,,
US1MIWS0049,"CHELSEA 2.4 S, MI US",2026,3,,,0,,
US1MIWS0049,"CHELSEA 2.4 S, MI US",2026,4,,,0,,
US1MIWS0051,"SALINE 2.7 SSW, MI US",2026,3,,,0,,
US1MIWS0051,"SALINE 2.7 SSW, MI US",2026,4,,,0,,
US1MIWS0053,"CHELSEA 3.7 NNE, MI US",2026,1,,,0,,
US1MIWS0053,"CHELSEA 3.7 NNE, MI US",2026,2,,,0,,
US1MIWS0053,"CHELSEA 3.7 NNE, MI US",2026,3,,,0,,
US1MIWS0053,"CHELSEA 3.7 NNE, MI US",2026,4,,,0,,
US1MIWS0054,"YPSILANTI 2.5 SSE, MI US",2026,3,,,0,,
US1MIWS0057,"DEXTER 0.6 ESE, MI US",2026,2,,,0,,
US1MIWS0058,"ANN ARBOR 6.4 NNE, MI US",2026,1,,,0,,
US1MIWS0058,"ANN ARBOR 6.4 NNE, MI US",2026,2,,,0,,
US1MIWS0058,"ANN ARBOR 6.4 NNE, MI US",2026,3,,,0,,
US1MIWS0058,"ANN ARBOR 6.4 NNE, MI US",2026,4,,,0,,
US1MIWS0059,"ANN ARBOR 4.3 WSW, MI US",2026,3,,,0,,
US1MIWS0059,"ANN ARBOR 4.3 WSW, MI US",2026,4,,,0,,
US1MIWS0060,"ANN ARBOR 3.8 WNW, MI US",2026,3,,,0,,
US1MIWS0060,"ANN ARBOR 3.8 WNW, MI US",2026,4,,,0,,
US1MIWS0061,"ANN ARBOR 1.4 S, MI US",2026,2,,,0,,
US1MIWS0061,"ANN ARBOR 1.4 S, MI US",2026,3,,,0,,
US1MIWS0061,"ANN ARBOR 1.4 S, MI US",2026,4,,,0,,
US1MIWS0064,"YPSILANTI 0.4 E, MI US",2026,1,,,0,,
US1MIWS0064,"YPSILANTI 0.4 E, MI US",2026,2,,,0,,
US1MIWS0064,"YPSILANTI 0.4 E, MI US",2026,3,,,0,,
US1MIWS0064,"YPSILANTI 0.4 E, MI US",2026,4,,,0,,
US1MIWY0011,"WOODHAVEN 0.9 WNW, MI US",2026,2,,,0,,
US1MIWY0033,"LIVONIA 2.3 NNW, MI US",2026,1,,,0,,
US1MIWY0033,"LIVONIA 2.3 NNW, MI US",2026,2,,,0,,
US1MIWY0033,"LIVONIA 2.3 NNW, MI US",2026,3,,,0,,
US1MIWY0033,"LIVONIA 2.3 NNW, MI US",2026,4,,,0,,
US1MIWY0043,"DEARBORN HEIGHTS 1.8 NW, MI US",2026,1,,,0,,
US1MIWY0043,"DEARBORN HEIGHTS 1.8 NW, MI US",2026,2,,,0,,
US1MIWY0043,"DEARBORN HEIGHTS 1.8 NW, MI US",2026,3,,,0,,
US1MIWY0043,"DEARBORN HEIGHTS 1.8 NW, MI US",2026,4,,,0,,
US1MIWY0047,"BELLEVILLE 2.8 ESE, MI US",2026,1,,,0,,
US1MIWY0047,"BELLEVILLE 2.8 ESE, MI US",2026,2,,,0,,
US1MIWY0047,"BELLEVILLE 2.8 ESE, MI US",2026,3,,,0,,
US1MIWY0047,"BELLEVILLE 2.8 ESE, MI US",2026,4,,,0,,
US1MIWY0052,"LIVONIA 2.0 NE, MI US",2026,1,,,0,,
US1MIWY0052,"LIVONIA 2.0 NE, MI US",2026,2,,,0,,
US1MIWY0052,"LIVONIA 2.0 NE, MI US",2026,3,,,0,,
US1MIWY0052,"LIVONIA 2.0 NE, MI US",2026,4,,,0,,
US1MIWY0081,"GROSSE POINTE WOODS 0.6 W, MI US",2026,1,,,0,,
US1MIWY0081,"GROSSE POINTE WOODS 0.6 W, MI US",2026,2,,,0,,
US1MIWY0081,"GROSSE POINTE WOODS 0.6 W, MI US",2026,3,,,0,,
US1MIWY0081,"GROSSE POINTE WOODS 0.6 W, MI US",2026,4,,,0,,
US1MIWY0125,"CANTON 2.7 N, MI US",2026,1,,,0,,
US1MIWY0125,"CANTON 2.7 N, MI US",2026,2,,,0,,
US1MIWY0125,"CANTON 2.7 N, MI US",2026,3,,,0,,
US1MIWY0125,"CANTON 2.7 N, MI US",2026,4,,,0,,
US1MIWY0143,"NORTHVILLE 3.4 SE, MI US",2026,1,,,0,,
US1MIWY0143,"NORTHVILLE 3.4 SE, MI US",2026,2,,,0,,
US1MIWY0143,"NORTHVILLE 3.4 SE, MI US",2026,3,,,0,,
US1MIWY0143,"NORTHVILLE 3.4 SE, MI US",2026,4,,,0,,
USC00200032,"ADRIAN 2 NNE, MI US",2026,1,21.53,12.21,31,29.68,13.39
USC00200032,"ADRIAN 2 NNE, MI US",2026,2,28.38,10.66,28,38.86,17.89
USC00200032,"ADRIAN 2 NNE, MI US",2026,3,50.14,9.54,11,62.73,37.55
USC00200032,"ADRIAN 2 NNE, MI US",2026,4,45.17,8.22,3,55.33,35.0
USC00200089,"ALBERTA FORD FOR CENTER, MI US",2026,1,8.74,15.51,31,15.68,1.81
USC00200089,"ALBERTA FORD FOR CENTER, MI US",2026,2,20.79,12.66,28,31.43,10.14
USC00200106,"ALGONAC WWTP, MI US",2026,1,20.26,11.95,31,28.39,12.13
USC00200106,"ALGONAC WWTP, MI US",2026,2,24.48,9.17,25,33.89,14.08
USC00200106,"ALGONAC WWTP, MI US",2026,3,36.76,9.44,31,47.39,26.13
USC00200106,"ALGONAC WWTP, MI US",2026,4,43.14,8.44,7,54.86,31.43
USC00200146,"ALMA, MI US",2026,1,18.58,12.46,31,25.58,11.58
USC00200146,"ALMA, MI US",2026,2,24.98,9.34,28,33.89,16.07
USC00200146,"ALMA, MI US",2026,3,35.79,9.74,29,45.83,25.76
USC00200146,"ALMA, MI US",2026,4,42.14,7.85,7,52.86,31.43
USC00200197,"AMASA 1 W, MI US",2026,1,9.25,12.83,30,17.39,1.87
USC00200197,"AMASA 1 W, MI US",2026,2,19.42,10.67,26,30.62,8.23
USC00200197,"AMASA 1 W, MI US",2026,3,27.64,14.28,18,38.89,16.39
USC00200197,"AMASA 1 W, MI US",2026,4,30.92,3.2,6,36.5,25.33
USC00200228,"ANN ARBOR SE, MI US",2026,1,20.94,12.41,31,28.68,13.19
USC00200228,"ANN ARBOR SE, MI US",2026,2,26.43,10.73,28,36.68,16.18
USC00200228,"ANN ARBOR SE, MI US",2026,3,40.35,11.23,30,52.1,28.37
USC00200228,"ANN ARBOR SE, MI US",2026,4,46.43,8.87,7,58.57,34.29
USC00200230,"ANN ARBOR U OF MICH, MI US",2026,1,19.9,12.55,31,27.68,12.13
USC00200230,"ANN ARBOR U OF MICH, MI US",2026,2,27.61,11.69,28,38.18,17.04
USC00200230,"ANN ARBOR U OF MICH, MI US",2026,3,42.06,12.57,31,54.29,29.84
USC00200230,"ANN ARBOR U OF MICH, MI US",2026,4,46.21,8.99,7,57.71,34.71
USC00200234,"ARNOLD 2 N, MI US",2026,1,,,0,,
USC00200234,"ARNOLD 2 N, MI US",2026,2,,,0,,
USC00200234,"ARNOLD 2 N, MI US",2026,3,,,0,,
USC00200234,"ARNOLD 2 N, MI US",2026,4,,,0,,
USC00200342,"ATLANTA, MI US",2026,1,15.37,12.51,31,22.32,8.42
USC00200342,"ATLANTA, MI US",2026,2,19.57,9.52,27,29.96,9.19
USC00200342,"ATLANTA, MI US",2026,3,29.78,10.44,29,39.9,19.66
USC00200342,"ATLANTA, MI US",2026,4,32.07,5.48,7,39.43,24.71
USC00200361,"AUBURN 2 NE, MI US",2026,1,19.31,13.36,26,27.08,11.54
USC00200361,"AUBURN 2 NE, MI US",2026,2,24.39,9.56,28,34.57,14.21
USC00200361,"AUBURN 2 NE, MI US",2026,3,36.11,9.63,31,45.55,26.68
USC00200361,"AUBURN 2 NE, MI US",2026,4,36.17,5.92,3,43.67,28.67
USC00200417,"BAD AXE, MI US",2026,1,18.39,12.07,31,24.58,12.19
USC00200417,"BAD AXE, MI US",2026,2,21.89,9.89,28,30.46,13.32
USC00200417,"BAD AXE, MI US",2026,3,33.85,9.64,30,42.53,25.17
USC00200417,"BAD AXE, MI US",2026,4,40.67,7.66,6,50.33,31.0
USC00200497,"BARAGA 7 NW, MI US",2026,1,14.73,11.85,31,20.48,8.97
USC00200497,"BARAGA 7 NW, MI US",2026,2,19.91,9.0,27,30.52,9.3
USC00200497,"BARAGA 7 NW, MI US",2026,3,28.35,9.76,30,37.63,19.07
USC00200497,"BARAGA 7 NW, MI US",2026,4,30.0,4.31,7,35.0,25.0
USC00200552,"BATTLE CREEK 5 NW, MI US",2026,1,19.53,13.19,31,26.77,12.29
USC00200552,"BATTLE CREEK 5 NW, MI US",2026,2,28.41,10.98,28,37.93,18.89
USC00200552,"BATTLE CREEK 5 NW, MI US",2026,3,57.0,,1,50.73,37.0
USC00200552,"BATTLE CREEK 5 NW, MI US",2026,4,,,0,,40.5
USC00200710,"BENTON HARBOR AIRPORT, MI US",2026,1,24.77,11.75,31,32.16,17.39
USC00200718,"BERGLAND DAM, MI US",2026,1,6.64,14.14,28,13.43,-0.14
USC00200718,"BERGLAND DAM, MI US",2026,2,18.27,9.76,28,28.21,8.32
USC00200718,"BERGLAND DAM, MI US",2026,3,23.82,10.4,22,34.68,12.95
USC00200718,"BERGLAND DAM, MI US",2026,4,28.36,6.66,7,35.71,21.0
USC00200758,"BEULAH 7 SSW, MI US",2026,1,19.13,11.2,31,24.29,13.97
USC00200758,"BEULAH 7 SSW, MI US",2026,2,25.7,8.26,28,33.79,17.61
USC00200758,"BEULAH 7 SSW, MI US",2026,3,33.79,10.2,31,42.68,24.9
USC00200758,"BEULAH 7 SSW, MI US",2026,4,37.93,3.33,7,46.43,29.43
USC00200770,"BIG BAY 1 NW, MI US",2026,1,14.58,11.51,31,20.0,9.16
USC00200770,"BIG BAY 1 NW, MI US",2026,2,22.2,7.94,28,29.82,14.57
USC00200770,"BIG BAY 1 NW, MI US",2026,3,20.93,9.54,7,28.86,13.0
USC00200770,"BIG BAY 1 NW, MI US",2026,4,29.83,0.58,3,32.67,27.0
USC00200779,"BIG RAPIDS WATER TREATMENT PLANT, MI US",2026,1,17.05,13.99,31,24.19,9.9
USC00200779,"BIG RAPIDS WATER TREATMENT PLANT, MI US",2026,2,23.94,9.16,27,34.19,13.7
USC00200779,"BIG RAPIDS WATER TREATMENT PLANT, MI US",2026,3,34.53,10.14,31,45.26,23.81
USC00200779,"BIG RAPIDS WATER TREATMENT PLANT, MI US",2026,4,40.43,5.96,7,50.43,30.43
USC00200925,"BOYNE FALLS, MI US",2026,1,18.19,11.85,31,23.71,12.68
USC00200925,"BOYNE FALLS, MI US",2026,2,31.5,1.41,2,47.5,15.5
USC00200925,"BOYNE FALLS, MI US",2026,3,29.83,10.11,6,38.5,21.17
USC00200925,"BOYNE FALLS, MI US",2026,4,31.0,,1,38.0,24.0
USC00201150,"BURTON 4 N, MI US",2026,1,18.43,13.42,30,26.16,10.4
USC00201150,"BURTON 4 N, MI US",2026,2,24.21,11.89,28,35.54,12.89
USC00201150,"BURTON 4 N, MI US",2026,3,34.96,10.66,12,47.25,22.67
USC00201150,"BURTON 4 N, MI US",2026,4,41.0,10.49,5,51.6,30.4
USC00201178,"CADILLAC 9 AND 10 NEWS, MI US",2026,1,15.85,13.49,24,22.44,8.77
USC00201178,"CADILLAC 9 AND 10 NEWS, MI US",2026,2,22.55,8.59,21,31.61,13.24
USC00201178,"CADILLAC 9 AND 10 NEWS, MI US",2026,3,32.06,10.89,31,42.23,21.9
USC00201178,"CADILLAC 9 AND 10 NEWS, MI US",2026,4,36.64,4.45,7,46.71,26.57
USC00201299,"CARO WWTP, MI US",2026,1,18.48,13.03,31,25.71,11.26
USC00201299,"CARO WWTP, MI US",2026,2,21.96,11.4,27,33.18,11.48
USC00201299,"CARO WWTP, MI US",2026,3,36.3,10.49,27,46.14,26.26
USC00201299,"CARO WWTP, MI US",2026,4,40.93,7.92,7,52.0,29.86
USC00201361,"CASS CITY 1 SSW, MI US",2026,1,18.5,13.47,29,25.9,10.77
USC00201361,"CASS CITY 1 SSW, MI US",2026,2,22.33,11.44,26,32.82,11.31
USC00201361,"CASS CITY 1 SSW, MI US",2026,3,35.0,9.57,30,45.9,24.97
USC00201361,"CASS CITY 1 SSW, MI US",2026,4,43.71,6.71,7,57.29,30.14
USC00201435,"CLARKSBURG, MI US",2026,1,9.32,13.68,31,17.9,0.74
USC00201435,"CLARKSBURG, MI US",2026,2,16.7,9.6,28,30.14,3.25
USC00201435,"CLARKSBURG, MI US",2026,3,23.5,11.81,31,36.61,10.39
USC00201435,"CLARKSBURG, MI US",2026,4,25.79,5.86,7,34.29,17.29
USC00201468,"CHARLEVOIX, MI US",2026,1,20.0,10.28,31,25.13,14.87
USC00201468,"CHARLEVOIX, MI US",2026,2,23.3,8.84,27,30.63,15.96
USC00201468,"CHARLEVOIX, MI US",2026,3,31.18,9.42,31,38.0,24.35
USC00201468,"CHARLEVOIX, MI US",2026,4,33.79,3.66,7,39.86,27.71
USC00201476,"CHARLOTTE, MI US",2026,1,,,0,,
USC00201476,"CHARLOTTE, MI US",2026,2,,,0,,
USC00201476,"CHARLOTTE, MI US",2026,3,,,0,,
USC00201476,"CHARLOTTE, MI US",2026,4,,,0,,
USC00201486,"CHATHAM EXPERIMENT FARM 2, MI US",2026,1,14.89,11.18,31,21.42,8.35
USC00201486,"CHATHAM EXPERIMENT FARM 2, MI US",2026,2,21.75,8.1,28,30.82,12.68
USC00201486,"CHATHAM EXPERIMENT FARM 2, MI US",2026,3,29.55,10.01,28,38.57,20.54
USC00201486,"CHATHAM EXPERIMENT FARM 2, MI US",2026,4,29.14,2.53,7,34.86,23.43
USC00201492,"CHEBOYGAN, MI US",2026,1,18.26,11.66,31,25.19,11.32
USC00201492,"CHEBOYGAN, MI US",2026,2,20.07,8.7,21,29.67,10.48
USC00201492,"CHEBOYGAN, MI US",2026,3,29.5,10.82,20,38.45,20.55
USC00201492,"CHEBOYGAN, MI US",2026,4,32.7,3.99,5,37.8,27.6
USC00201502,"CHELSEA, MI US",2026,1,20.03,13.44,31,27.65,12.42
USC00201502,"CHELSEA, MI US",2026,2,26.93,12.11,28,36.68,17.18
USC00201502,"CHELSEA, MI US",2026,3,41.1,11.55,30,51.7,30.03
USC00201502,"CHELSEA, MI US",2026,4,45.64,8.84,7,57.43,33.86
USC00201522,"CHESANING, MI US",2026,1,,,0,,
USC00201522,"CHESANING, MI US",2026,2,,,0,,
USC00201522,"CHESANING, MI US",2026,3,,,0,,
USC00201522,"CHESANING, MI US",2026,4,,,0,,
USC00201675,"COLDWATER ST SCHOOL, MI US",2026,1,20.23,13.59,31,27.74,12.71
USC00201675,"COLDWATER ST SCHOOL, MI US",2026,2,25.64,11.84,28,35.21,16.07
USC00201675,"COLDWATER ST SCHOOL, MI US",2026,3,40.63,11.9,31,52.03,29.23
USC00201675,"COLDWATER ST SCHOOL, MI US",2026,4,45.64,8.41,7,56.71,34.57
USC00201780,"COPPER HARBOR FORT WILKINS, MI US",2026,3,,,0,,
USC00201845,"COVINGTON 1 NNW, MI US",2026,1,8.48,13.35,31,14.68,2.29
USC00201845,"COVINGTON 1 NNW, MI US",2026,2,19.27,11.31,28,29.32,9.21
USC00201845,"COVINGTON 1 NNW, MI US",2026,3,19.65,10.17,10,29.9,9.4
USC00201845,"COVINGTON 1 NNW, MI US",2026,4,29.33,0.76,3,33.33,25.33
USC00201896,"CROSS VILLAGE 1 E, MI US",2026,1,11.58,10.88,18,19.06,4.11
USC00201896,"CROSS VILLAGE 1 E, MI US",2026,2,22.62,7.43,24,30.25,15.0
USC00202015,"DEARBORN, MI US",2026,1,20.82,12.38,30,28.03,14.0
USC00202015,"DEARBORN, MI US",2026,2,28.02,10.46,27,36.11,19.41
USC00202015,"DEARBORN, MI US",2026,3,40.59,10.82,29,50.83,30.34
USC00202015,"DEARBORN, MI US",2026,4,47.64,9.28,7,60.43,34.86
USC00202016,"DEARBORN NUMBER 2, MI US",2026,1,20.84,12.29,29,27.79,13.9
USC00202016,"DEARBORN NUMBER 2, MI US",2026,2,26.59,10.24,28,35.11,18.07
USC00202016,"DEARBORN NUMBER 2, MI US",2026,3,39.39,10.68,31,50.03,28.74
USC00202016,"DEARBORN NUMBER 2, MI US",2026,4,47.21,8.92,7,59.86,34.57
USC00202094,"DETOUR VILLAGE, MI US",2026,1,14.54,11.8,26,21.85,7.23
USC00202094,"DETOUR VILLAGE, MI US",2026,2,18.27,8.96,26,26.96,9.58
USC00202094,"DETOUR VILLAGE, MI US",2026,3,24.76,10.39,25,32.16,17.36
USC00202094,"DETOUR VILLAGE, MI US",2026,4,29.43,3.19,7,36.43,22.43
USC00202170,"DOLLAR BAY, MI US",2026,1,,,0,,
USC00202170,"DOLLAR BAY, MI US",2026,2,,,0,,
USC00202170,"DOLLAR BAY, MI US",2026,3,,,0,,
USC00202250,"DOWAGIAC 1 W, MI US",2026,1,20.87,12.62,31,27.42,14.32
USC00202308,"DUNDEE, MI US",2026,1,20.7,12.56,30,28.19,13.4
USC00202308,"DUNDEE, MI US",2026,2,26.36,11.3,28,36.14,16.57
USC00202308,"DUNDEE, MI US",2026,3,41.08,10.04,30,53.13,28.77
USC00202308,"DUNDEE, MI US",2026,4,48.71,7.74,7,63.14,34.29
USC00202328,"DURAND WWTP, MI US",2026,1,17.4,14.32,30,25.73,8.97
USC00202328,"DURAND WWTP, MI US",2026,2,24.0,12.68,24,34.48,14.16
USC00202328,"DURAND WWTP, MI US",2026,3,35.72,11.5,23,47.69,25.21
USC00202328,"DURAND WWTP, MI US",2026,4,43.6,8.92,5,54.29,31.4
USC00202375,"EAST GRAND RAPIDS, MI US",2026,1,20.16,13.05,31,26.87,13.45
USC00202375,"EAST GRAND RAPIDS, MI US",2026,2,27.59,9.94,28,36.86,18.32
USC00202375,"EAST GRAND RAPIDS, MI US",2026,3,38.05,10.78,31,48.77,27.32
USC00202375,"EAST GRAND RAPIDS, MI US",2026,4,43.21,7.81,7,53.86,32.57
USC00202381,"EAST JORDAN, MI US",2026,1,,,0,,
USC00202381,"EAST JORDAN, MI US",2026,2,,,0,,
USC00202381,"EAST JORDAN, MI US",2026,3,,,0,,
USC00202381,"EAST JORDAN, MI US",2026,4,,,0,,
USC00202382,"EAST JORDAN 2 NW, MI US",2026,1,19.02,11.76,31,25.06,12.97
USC00202382,"EAST JORDAN 2 NW, MI US",2026,2,24.41,9.27,27,35.32,14.11
USC00202382,"EAST JORDAN 2 NW, MI US",2026,3,32.55,10.46,30,42.07,23.06
USC00202382,"EAST JORDAN 2 NW, MI US",2026,4,34.0,5.54,7,40.57,27.43
USC00202423,"EAST TAWAS, MI US",2026,1,18.85,11.45,31,26.29,11.42
USC00202423,"EAST TAWAS, MI US",2026,2,22.8,8.63,27,32.11,13.48
USC00202423,"EAST TAWAS, MI US",2026,3,34.09,9.0,27,42.74,25.44
USC00202423,"EAST TAWAS, MI US",2026,4,38.58,6.14,6,46.67,30.5
USC00202437,"EATON RAPIDS, MI US",2026,1,21.23,12.97,31,27.9,14.55
USC00202437,"EATON RAPIDS, MI US",2026,2,27.61,11.21,28,37.21,18.0
USC00202437,"EATON RAPIDS, MI US",2026,3,40.45,10.84,31,51.13,29.77
USC00202437,"EATON RAPIDS, MI US",2026,4,45.0,8.33,7,56.0,34.0
USC00202598,"ENGADINE MDOT, MI US",2026,1,14.5,11.14,31,20.87,8.13
USC00202598,"ENGADINE MDOT, MI US",2026,2,19.48,7.6,25,27.28,11.68
USC00202598,"ENGADINE MDOT, MI US",2026,3,25.92,11.21,31,33.23,18.61
USC00202598,"ENGADINE MDOT, MI US",2026,4,29.43,3.52,7,35.86,23.0
USC00202691,"FARMINGTON, MI US",2026,1,19.4,12.48,31,26.94,11.87
USC00202691,"FARMINGTON, MI US",2026,2,25.05,9.86,28,34.86,15.25
USC00202691,"FARMINGTON, MI US",2026,3,38.47,10.75,31,50.16,26.77
USC00202691,"FARMINGTON, MI US",2026,4,44.79,8.96,7,56.86,32.71
USC00202783,"FIFE LAKE 2 WNW, MI US",2026,1,15.0,12.61,31,21.1,8.9
USC00202783,"FIFE LAKE 2 WNW, MI US",2026,2,20.98,9.85,28,31.11,10.86
USC00202783,"FIFE LAKE 2 WNW, MI US",2026,3,30.68,11.23,30,40.07,21.3
USC00202783,"FIFE LAKE 2 WNW, MI US",2026,4,35.0,4.05,6,43.0,27.0
USC00202804,"FILION 5 NNW, MI US",2026,1,18.89,12.0,31,25.0,12.77
USC00202804,"FILION 5 NNW, MI US",2026,2,21.71,9.6,28,30.07,13.36
USC00202804,"FILION 5 NNW, MI US",2026,3,34.06,9.61,31,42.29,25.84
USC00202804,"FILION 5 NNW, MI US",2026,4,39.07,6.82,7,48.29,29.86
USC00202851,"FLINT 7 W, MI US",2026,1,18.39,13.55,31,25.97,10.81
USC00202851,"FLINT 7 W, MI US",2026,2,24.64,11.02,28,35.04,14.25
USC00202851,"FLINT 7 W, MI US",2026,3,39.33,9.7,6,48.83,29.83
USC00202955,"FRANKENMUTH 1 SE, MI US",2026,1,19.3,14.75,23,27.87,10.74
USC00202955,"FRANKENMUTH 1 SE, MI US",2026,2,24.44,10.57,25,34.12,14.12
USC00202955,"FRANKENMUTH 1 SE, MI US",2026,3,38.58,7.59,6,54.57,25.43
USC00202955,"FRANKENMUTH 1 SE, MI US",2026,4,41.64,7.64,7,52.29,31.0
USC00202984,"FRANKFORT 2 NE, MI US",2026,1,20.84,11.01,31,25.77,15.9
USC00202984,"FRANKFORT 2 NE, MI US",2026,2,27.93,6.93,28,35.07,20.79
USC00202984,"FRANKFORT 2 NE, MI US",2026,3,34.95,8.86,31,42.84,27.06
USC00202984,"FRANKFORT 2 NE, MI US",2026,4,36.21,4.78,7,44.29,28.14
USC00203025,"FREMONT 4 WSW, MI US",2026,1,21.03,11.23,30,26.13,16.58
USC00203025,"FREMONT 4 WSW, MI US",2026,2,29.2,9.35,28,37.25,21.14
USC00203025,"FREMONT 4 WSW, MI US",2026,3,38.79,9.73,31,47.9,29.68
USC00203025,"FREMONT 4 WSW, MI US",2026,4,44.36,5.87,7,54.29,34.43
USC00203078,"GARDEN CORNERS, MI US",2026,1,15.1,12.47,31,22.74,7.45
USC00203078,"GARDEN CORNERS, MI US",2026,2,21.68,8.28,28,31.25,12.11
USC00203078,"GARDEN CORNERS, MI US",2026,3,28.29,9.2,31,37.13,19.45
USC00203078,"GARDEN CORNERS, MI US",2026,4,32.5,1.66,7,38.43,26.57
USC00203099,"GAYLORD 9 SSW, MI US",2026,1,16.98,10.94,31,21.71,12.26
USC00203099,"GAYLORD 9 SSW, MI US",2026,2,23.71,8.62,28,31.25,16.18
USC00203099,"GAYLORD 9 SSW, MI US",2026,3,31.24,9.76,31,38.84,23.65
USC00203099,"GAYLORD 9 SSW, MI US",2026,4,31.79,5.41,7,40.0,23.57
USC00203188,"GLENNIE 2 SE, MI US",2026,1,15.94,12.46,31,22.77,9.1
USC00203188,"GLENNIE 2 SE, MI US",2026,2,19.04,9.84,27,29.15,8.93
USC00203188,"GLENNIE 2 SE, MI US",2026,3,30.23,11.03,30,40.83,19.63
USC00203188,"GLENNIE 2 SE, MI US",2026,4,35.29,6.08,7,44.14,26.43
USC00203278,"GOODRICH, MI US",2026,1,18.63,13.83,31,26.55,10.71
USC00203278,"GOODRICH, MI US",2026,2,24.7,11.59,28,35.32,14.07
USC00203278,"GOODRICH, MI US",2026,3,38.11,10.86,31,48.9,27.32
USC00203278,"GOODRICH, MI US",2026,4,43.36,9.01,7,54.86,31.86
USC00203295,"GRAND HAVEN WASTEWATER PLANT, MI US",2026,1,,,0,,
USC00203295,"GRAND HAVEN WASTEWATER PLANT, MI US",2026,2,,,0,,
USC00203295,"GRAND HAVEN WASTEWATER PLANT, MI US",2026,3,,,0,,
USC00203306,"GRAND LEDGE 1 NW, MI US",2026,1,,,0,,
USC00203306,"GRAND LEDGE 1 NW, MI US",2026,2,,,0,,
USC00203306,"GRAND LEDGE 1 NW, MI US",2026,3,,,0,,
USC00203306,"GRAND LEDGE 1 NW, MI US",2026,4,,,0,,
USC00203331,"GRANDVILLE 1 SW, MI US",2026,1,20.82,12.47,31,27.55,14.1
USC00203331,"GRANDVILLE 1 SW, MI US",2026,2,27.82,10.02,28,37.61,18.04
USC00203331,"GRANDVILLE 1 SW, MI US",2026,3,36.79,11.13,19,48.11,25.47
USC00203331,"GRANDVILLE 1 SW, MI US",2026,4,44.0,7.37,7,54.71,33.29
USC00203391,"GRAYLING, MI US",2026,1,13.06,14.85,31,20.61,5.52
USC00203413,"GREEN GARDEN NUMBER 2, MI US",2026,1,,,0,,
USC00203413,"GREEN GARDEN NUMBER 2, MI US",2026,2,,,0,,
USC00203413,"GREEN GARDEN NUMBER 2, MI US",2026,3,,,0,,
USC00203413,"GREEN GARDEN NUMBER 2, MI US",2026,4,,,0,,
USC00203477,"GROSSE POINTE FARMS, MI US",2026,1,20.65,11.86,31,27.42,13.87
USC00203477,"GROSSE POINTE FARMS, MI US",2026,2,25.57,9.13,27,32.61,18.41
USC00203477,"GROSSE POINTE FARMS, MI US",2026,3,38.65,10.49,31,48.61,28.68
USC00203477,"GROSSE POINTE FARMS, MI US",2026,4,47.14,9.73,7,59.43,34.86
USC00203504,"GULL LAKE BIOLOGICAL STATION, MI US",2026,1,23.78,9.32,16,29.17,15.6
USC00203504,"GULL LAKE BIOLOGICAL STATION, MI US",2026,2,26.12,8.77,13,38.81,17.56
USC00203528,"HALE 5 SSW NUMBER 2, MI US",2026,1,14.63,13.09,30,22.67,6.6
USC00203528,"HALE 5 SSW NUMBER 2, MI US",2026,2,19.45,10.0,28,31.75,7.14
USC00203528,"HALE 5 SSW NUMBER 2, MI US",2026,3,31.53,10.46,31,42.45,20.61
USC00203528,"HALE 5 SSW NUMBER 2, MI US",2026,4,37.57,7.08,7,49.57,25.57
USC00203529,"HALE LOUD DAM, MI US",2026,1,17.65,11.95,31,24.42,10.87
USC00203529,"HALE LOUD DAM, MI US",2026,2,21.36,9.85,28,31.89,10.82
USC00203529,"HALE LOUD DAM, MI US",2026,3,33.29,10.35,31,43.1,23.48
USC00203529,"HALE LOUD DAM, MI US",2026,4,36.79,5.8,7,45.0,28.57
USC00203585,"HARBOR BEACH 1 SSE, MI US",2026,1,19.85,11.57,31,25.97,13.74
USC00203585,"HARBOR BEACH 1 SSE, MI US",2026,2,22.25,8.44,28,30.07,14.43
USC00203585,"HARBOR BEACH 1 SSE, MI US",2026,3,34.71,10.02,26,43.38,26.04
USC00203585,"HARBOR BEACH 1 SSE, MI US",2026,4,38.33,7.76,6,47.17,29.5
USC00203628,"HARRISVILLE STATE PARK, MI US",2026,1,17.6,11.81,31,24.87,10.32
USC00203628,"HARRISVILLE STATE PARK, MI US",2026,2,20.06,7.01,27,28.63,11.48
USC00203628,"HARRISVILLE STATE PARK, MI US",2026,3,30.48,9.21,29,38.97,22.0
USC00203628,"HARRISVILLE STATE PARK, MI US",2026,4,35.86,6.59,7,44.71,27.0
USC00203632,"HART 3 WSW, MI US",2026,1,20.1,12.23,31,25.23,14.97
USC00203632,"HART 3 WSW, MI US",2026,2,26.54,9.28,28,34.96,18.11
USC00203632,"HART 3 WSW, MI US",2026,3,35.89,9.9,31,44.58,27.19
USC00203632,"HART 3 WSW, MI US",2026,4,41.0,4.18,7,50.57,31.43
USC00203639,"HARVEY, MI US",2026,1,,,0,,
USC00203639,"HARVEY, MI US",2026,2,,,0,,
USC00203639,"HARVEY, MI US",2026,3,,,0,,
USC00203639,"HARVEY, MI US",2026,4,,,0,,
USC00203661,"HASTINGS, MI US",2026,1,19.87,13.59,30,26.83,12.9
USC00203661,"HASTINGS, MI US",2026,2,26.56,11.16,27,36.78,16.33
USC00203661,"HASTINGS, MI US",2026,3,38.85,10.92,31,50.42,27.29
USC00203661,"HASTINGS, MI US",2026,4,42.64,8.77,7,54.0,31.29
USC00203744,"HERMAN, MI US",2026,1,8.35,12.87,31,13.87,2.84
USC00203744,"HERMAN, MI US",2026,2,18.11,9.9,27,26.7,9.52
USC00203744,"HERMAN, MI US",2026,3,25.03,10.46,31,33.13,16.94
USC00203744,"HERMAN, MI US",2026,4,25.21,6.16,7,32.57,17.86
USC00203823,"HILLSDALE, MI US",2026,1,20.18,14.06,31,28.19,12.16
USC00203823,"HILLSDALE, MI US",2026,2,25.48,11.36,28,36.18,14.79
USC00203823,"HILLSDALE, MI US",2026,3,36.5,9.1,7,47.57,25.43
USC00203858,"HOLLAND WTP, MI US",2026,1,,,0,,
USC00203858,"HOLLAND WTP, MI US",2026,2,,,0,,
USC00203858,"HOLLAND WTP, MI US",2026,3,,,0,,
USC00203858,"HOLLAND WTP, MI US",2026,4,,,0,,
USC00204079,"IONIA 3 W, MI US",2026,1,18.37,13.39,31,25.74,11.0
USC00204079,"IONIA 3 W, MI US",2026,2,26.09,10.59,28,36.0,16.18
USC00204079,"IONIA 3 W, MI US",2026,3,36.98,10.49,31,47.65,26.32
USC00204079,"IONIA 3 W, MI US",2026,4,43.79,8.35,7,56.0,31.57
USC00204090,"IRON MTN KINGSFORD WWTP, MI US",2026,1,12.69,12.66,31,20.68,4.71
USC00204090,"IRON MTN KINGSFORD WWTP, MI US",2026,2,21.55,9.78,28,33.25,9.86
USC00204104,"IRONWOOD, MI US",2026,1,8.42,14.78,31,15.58,1.26
USC00204104,"IRONWOOD, MI US",2026,2,19.69,9.51,27,29.19,10.19
USC00204104,"IRONWOOD, MI US",2026,3,28.56,11.36,31,38.65,18.48
USC00204104,"IRONWOOD, MI US",2026,4,27.79,4.72,7,34.0,21.57
USC00204105,"IRONWOOD NUMBER 2, MI US",2026,1,7.94,14.32,31,14.77,1.1
USC00204105,"IRONWOOD NUMBER 2, MI US",2026,2,20.27,10.02,26,29.81,10.73
USC00204105,"IRONWOOD NUMBER 2, MI US",2026,3,28.39,11.27,31,38.26,18.52
USC00204105,"IRONWOOD NUMBER 2, MI US",2026,4,28.21,5.63,7,34.71,21.71
USC00204130,"ISHPEMING WWTP, MI US",2026,1,10.71,13.58,31,17.29,4.13
USC00204130,"ISHPEMING WWTP, MI US",2026,2,17.95,9.19,28,28.36,7.54
USC00204130,"ISHPEMING WWTP, MI US",2026,3,26.73,7.18,11,37.18,16.27
USC00204257,"KALKASKA, MI US",2026,1,15.44,12.63,31,21.19,9.68
USC00204257,"KALKASKA, MI US",2026,2,21.68,10.72,28,31.68,11.68
USC00204257,"KALKASKA, MI US",2026,3,30.86,12.44,18,41.33,20.39
USC00204257,"KALKASKA, MI US",2026,4,32.0,0.0,2,39.0,25.0
USC00204280,"KEARSARGE, MI US",2026,1,12.59,10.74,29,18.21,6.97
USC00204280,"KEARSARGE, MI US",2026,2,20.33,8.05,24,27.75,12.92
USC00204280,"KEARSARGE, MI US",2026,3,27.21,9.37,29,35.55,18.86
USC00204280,"KEARSARGE, MI US",2026,4,27.07,5.14,7,34.57,19.57
USC00204425,"K.I. SAWYER WWTP, MI US",2026,1,15.87,12.03,31,22.42,9.32
USC00204425,"K.I. SAWYER WWTP, MI US",2026,2,22.77,7.36,28,31.46,14.07
USC00204425,"K.I. SAWYER WWTP, MI US",2026,3,29.81,8.68,31,37.35,22.26
USC00204425,"K.I. SAWYER WWTP, MI US",2026,4,31.57,2.44,7,37.29,25.86
USC00204502,"LAKE CITY EXPERIMENTAL FARM, MI US",2026,1,15.52,13.6,31,22.81,8.23
USC00204502,"LAKE CITY EXPERIMENTAL FARM, MI US",2026,2,21.96,9.72,28,33.14,10.79
USC00204502,"LAKE CITY EXPERIMENTAL FARM, MI US",2026,3,32.85,11.5,27,43.89,21.81
USC00204502,"LAKE CITY EXPERIMENTAL FARM, MI US",2026,4,37.14,3.46,7,47.43,26.86
USC00204655,"LAPEER WWTP, MI US",2026,1,19.08,13.13,31,26.61,11.55
USC00204655,"LAPEER WWTP, MI US",2026,2,23.77,11.53,28,34.64,12.89
USC00204655,"LAPEER WWTP, MI US",2026,3,38.16,10.86,31,49.0,27.32
USC00204655,"LAPEER WWTP, MI US",2026,4,43.21,8.99,7,53.43,33.0
USC00204659,"LAPEER 2 W, MI US",2026,1,18.81,13.06,31,26.03,11.58
USC00204659,"LAPEER 2 W, MI US",2026,2,25.14,11.79,28,34.64,15.64
USC00204659,"LAPEER 2 W, MI US",2026,3,38.69,11.78,31,48.65,28.74
USC00204659,"LAPEER 2 W, MI US",2026,4,42.0,8.37,7,53.14,30.86
USC00204668,"CALUMET TAMARACK, MI US",2026,1,,,0,,
USC00204668,"CALUMET TAMARACK, MI US",2026,2,,,0,,
USC00204668,"CALUMET TAMARACK, MI US",2026,3,,,0,,
USC00204668,"CALUMET TAMARACK, MI US",2026,4,,,0,,
USC00204793,"LINDEN WWTP, MI US",2026,1,18.48,13.46,31,26.03,10.94
USC00204793,"LINDEN WWTP, MI US",2026,2,24.02,11.77,26,34.58,13.46
USC00204793,"LINDEN WWTP, MI US",2026,3,37.62,10.36,28,49.41,26.24
USC00204793,"LINDEN WWTP, MI US",2026,4,43.21,8.7,7,55.0,31.43
USC00204808,"LEXINGTON WATER PLANT, MI US",2026,1,17.69,11.83,24,24.92,11.36
USC00204808,"LEXINGTON WATER PLANT, MI US",2026,2,23.18,9.72,28,32.54,13.82
USC00204808,"LEXINGTON WATER PLANT, MI US",2026,3,36.68,10.89,25,46.2,27.16
USC00204808,"LEXINGTON WATER PLANT, MI US",2026,4,42.14,9.92,7,54.0,30.29
USC00204944,"LOWELL, MI US",2026,1,,,0,,
USC00204944,"LOWELL, MI US",2026,2,,,0,,
USC00204944,"LOWELL, MI US",2026,3,,,0,,
USC00204944,"LOWELL, MI US",2026,4,,,0,,
USC00204958,"LUDINGTON STATE PARK, MI US",2026,1,,,0,,
USC00204958,"LUDINGTON STATE PARK, MI US",2026,2,,,0,,
USC00204958,"LUDINGTON STATE PARK, MI US",2026,3,,,0,,
USC00204958,"LUDINGTON STATE PARK, MI US",2026,4,,,0,,
USC00204967,"LUPTON 1 S, MI US",2026,1,15.52,12.76,31,23.23,7.81
USC00204967,"LUPTON 1 S, MI US",2026,2,19.44,9.76,27,30.19,8.7
USC00204967,"LUPTON 1 S, MI US",2026,3,30.76,11.37,27,42.04,19.48
USC00204967,"LUPTON 1 S, MI US",2026,4,35.29,4.42,7,43.86,26.71
USC00205050,"MANCHESTER, MI US",2026,1,20.92,12.58,31,29.0,12.84
USC00205050,"MANCHESTER, MI US",2026,2,25.89,11.19,28,37.11,14.68
USC00205050,"MANCHESTER, MI US",2026,3,39.67,10.85,29,51.76,27.59
USC00205050,"MANCHESTER, MI US",2026,4,46.21,8.85,7,58.43,34.0
USC00205065,"MANISTEE 3 SE, MI US",2026,1,18.98,12.33,25,24.08,14.28
USC00205065,"MANISTEE 3 SE, MI US",2026,2,25.24,8.49,25,33.08,17.4
USC00205065,"MANISTEE 3 SE, MI US",2026,3,34.05,9.96,31,42.03,26.06
USC00205065,"MANISTEE 3 SE, MI US",2026,4,37.75,0.35,2,46.0,29.5
USC00205073,"MANISTIQUE WWTP, MI US",2026,1,15.13,11.87,31,21.35,8.9
USC00205073,"MANISTIQUE WWTP, MI US",2026,2,22.48,6.6,28,29.96,15.0
USC00205073,"MANISTIQUE WWTP, MI US",2026,3,27.65,8.82,31,34.35,20.94
USC00205073,"MANISTIQUE WWTP, MI US",2026,4,31.0,1.87,7,36.29,25.71
USC00205097,"MAPLE CITY 1 E, MI US",2026,1,20.05,11.14,31,24.84,15.26
USC00205097,"MAPLE CITY 1 E, MI US",2026,2,26.41,7.16,28,34.5,18.32
USC00205097,"MAPLE CITY 1 E, MI US",2026,3,34.16,9.72,31,42.26,26.06
USC00205097,"MAPLE CITY 1 E, MI US",2026,4,34.79,5.11,7,41.29,28.29
USC00205195,"MARSHALL, MI US",2026,1,,,0,,
USC00205195,"MARSHALL, MI US",2026,2,,,0,,
USC00205195,"MARSHALL, MI US",2026,3,,,0,,
USC00205195,"MARSHALL, MI US",2026,4,,,0,,
USC00205382,"MENOMINEE NUMBER 2, MI US",2026,1,,,0,,
USC00205382,"MENOMINEE NUMBER 2, MI US",2026,2,,,0,,
USC00205382,"MENOMINEE NUMBER 2, MI US",2026,3,,,0,,
USC00205382,"MENOMINEE NUMBER 2, MI US",2026,4,,,0,,
USC00205403,"MICHIGAMME, MI US",2026,1,8.43,14.8,21,16.59,0.41
USC00205403,"MICHIGAMME, MI US",2026,2,18.02,9.64,24,28.5,7.54
USC00205403,"MICHIGAMME, MI US",2026,3,25.21,10.96,31,35.35,15.06
USC00205403,"MICHIGAMME, MI US",2026,4,25.79,5.57,7,32.57,19.0
USC00205406,"MICHIGAMME 3 WNW, MI US",2026,1,,,0,,
USC00205406,"MICHIGAMME 3 WNW, MI US",2026,2,,,0,,
USC00205406,"MICHIGAMME 3 WNW, MI US",2026,3,,,0,,
USC00205406,"MICHIGAMME 3 WNW, MI US",2026,4,,,0,,
USC00205434,"MIDLAND, MI US",2026,1,16.6,11.63,30,24.33,8.87
USC00205434,"MIDLAND, MI US",2026,2,23.07,8.21,28,31.43,14.71
USC00205434,"MIDLAND, MI US",2026,3,34.53,8.58,29,43.9,25.17
USC00205434,"MIDLAND, MI US",2026,4,35.86,6.08,7,44.86,26.86
USC00205451,"MILAN WWTP, MI US",2026,1,21.25,12.11,12,28.67,13.62
USC00205451,"MILAN WWTP, MI US",2026,2,26.53,10.84,15,37.56,15.88
USC00205451,"MILAN WWTP, MI US",2026,3,48.5,,1,73.0,21.0
USC00205451,"MILAN WWTP, MI US",2026,4,46.75,14.5,2,57.5,36.0
USC00205488,"MILLINGTON 3 SE, MI US",2026,1,,,0,,
USC00205488,"MILLINGTON 3 SE, MI US",2026,2,,,0,,
USC00205488,"MILLINGTON 3 SE, MI US",2026,3,,,0,,
USC00205488,"MILLINGTON 3 SE, MI US",2026,4,,,0,,
USC00205533,"MIO WWTP, MI US",2026,1,16.53,12.75,31,24.48,8.58
USC00205533,"MIO WWTP, MI US",2026,2,22.27,10.9,28,33.89,10.64
USC00205533,"MIO WWTP, MI US",2026,3,32.35,10.66,31,42.94,21.77
USC00205533,"MIO WWTP, MI US",2026,4,34.71,5.42,7,43.86,25.57
USC00205567,"MONTAGUE 4 NW, MI US",2026,1,21.9,11.73,31,27.23,16.58
USC00205567,"MONTAGUE 4 NW, MI US",2026,2,27.3,8.07,28,35.46,19.14
USC00205603,"MORENCI, MI US",2026,1,20.58,12.16,30,28.9,12.74
USC00205603,"MORENCI, MI US",2026,2,25.86,8.87,14,37.93,13.79
USC00205603,"MORENCI, MI US",2026,3,41.19,11.0,31,52.71,29.68
USC00205603,"MORENCI, MI US",2026,4,56.0,,1,73.0,39.0
USC00205662,"CENTRAL MICHIGAN UNIVERSITY, MI US",2026,1,20.62,11.19,29,26.9,12.84
USC00205662,"CENTRAL MICHIGAN UNIVERSITY, MI US",2026,2,25.75,8.77,28,33.93,17.57
USC00205662,"CENTRAL MICHIGAN UNIVERSITY, MI US",2026,3,45.92,11.41,6,58.33,33.5
USC00205662,"CENTRAL MICHIGAN UNIVERSITY, MI US",2026,4,45.33,1.61,3,57.0,33.67
USC00205690,"MUNISING, MI US",2026,1,,,0,,
USC00205816,"NEWBERRY LUCE CO ROAD COMMISSION, MI US",2026,1,13.87,10.98,31,19.84,7.9
USC00205816,"NEWBERRY LUCE CO ROAD COMMISSION, MI US",2026,2,20.54,7.18,28,27.54,13.54
USC00205816,"NEWBERRY LUCE CO ROAD COMMISSION, MI US",2026,3,26.25,10.19,30,33.1,19.4
USC00205816,"NEWBERRY LUCE CO ROAD COMMISSION, MI US",2026,4,28.5,2.43,7,34.57,22.43
USC00205892,"NILES, MI US",2026,1,23.23,12.45,31,29.9,16.55
USC00205892,"NILES, MI US",2026,2,32.0,10.36,28,40.75,23.25
USC00205892,"NILES, MI US",2026,3,45.43,12.07,29,56.21,34.66
USC00205892,"NILES, MI US",2026,4,49.86,8.02,7,59.86,39.86
USC00206007,"NORTHPORT 2 W, MI US",2026,1,20.52,10.33,31,24.77,16.26
USC00206007,"NORTHPORT 2 W, MI US",2026,2,25.88,6.91,28,32.21,19.54
USC00206007,"NORTHPORT 2 W, MI US",2026,3,33.47,8.82,30,40.53,26.4
USC00206007,"NORTHPORT 2 W, MI US",2026,4,34.14,3.76,7,40.71,27.57
USC00206012,"NW MICHIGAN RESEARCH FARM, MI US",2026,1,18.85,11.26,31,23.03,14.68
USC00206012,"NW MICHIGAN RESEARCH FARM, MI US",2026,2,25.29,7.82,28,31.43,19.14
USC00206012,"NW MICHIGAN RESEARCH FARM, MI US",2026,3,32.85,10.36,27,39.89,25.81
USC00206012,"NW MICHIGAN RESEARCH FARM, MI US",2026,4,35.83,3.93,6,41.83,29.83
USC00206013,"NWSFO GRAND RAPIDS, MI US",2026,1,,,0,,
USC00206013,"NWSFO GRAND RAPIDS, MI US",2026,2,,,0,,
USC00206013,"NWSFO GRAND RAPIDS, MI US",2026,3,,,0,,
USC00206013,"NWSFO GRAND RAPIDS, MI US",2026,4,,,0,,
USC00206158,"OLD MISSION 3 SSW, MI US",2026,1,20.14,12.16,14,25.79,14.5
USC00206158,"OLD MISSION 3 SSW, MI US",2026,2,24.78,7.47,16,31.65,17.71
USC00206158,"OLD MISSION 3 SSW, MI US",2026,3,33.8,8.67,20,43.5,24.1
USC00206158,"OLD MISSION 3 SSW, MI US",2026,4,35.0,3.19,4,45.25,24.75
USC00206230,"ORTONVILLE 2.5 SW, MI US",2026,1,18.84,12.03,31,26.39,11.29
USC00206230,"ORTONVILLE 2.5 SW, MI US",2026,2,25.46,10.49,28,35.0,15.93
USC00206230,"ORTONVILLE 2.5 SW, MI US",2026,3,37.7,10.95,30,48.73,26.84
USC00206230,"ORTONVILLE 2.5 SW, MI US",2026,4,45.0,5.73,4,55.75,34.25
USC00206300,"OWOSSO WWTP, MI US",2026,1,19.41,13.61,29,26.39,12.1
USC00206300,"OWOSSO WWTP, MI US",2026,2,25.48,11.34,28,35.36,15.61
USC00206300,"OWOSSO WWTP, MI US",2026,3,37.15,10.34,31,47.39,26.9
USC00206300,"OWOSSO WWTP, MI US",2026,4,43.5,8.52,7,54.86,32.14
USC00206354,"PARADISE, MI US",2026,1,14.63,10.54,31,20.52,8.74
USC00206354,"PARADISE, MI US",2026,2,20.02,8.41,26,27.35,12.69
USC00206354,"PARADISE, MI US",2026,3,26.05,9.74,30,34.4,17.7
USC00206354,"PARADISE, MI US",2026,4,27.14,3.24,7,33.29,21.0
USC00206398,"PAULDING, MI US",2026,1,9.82,15.33,30,16.97,2.67
USC00206398,"PAULDING, MI US",2026,2,22.46,9.51,23,32.33,12.57
USC00206398,"PAULDING, MI US",2026,3,28.53,11.18,29,37.9,19.17
USC00206398,"PAULDING, MI US",2026,4,30.14,6.95,7,38.57,21.71
USC00206507,"PETOSKEY, MI US",2026,1,18.56,10.71,31,23.94,13.19
USC00206507,"PETOSKEY, MI US",2026,2,21.28,8.63,25,29.16,13.4
USC00206507,"PETOSKEY, MI US",2026,3,29.67,9.95,30,36.97,22.37
USC00206507,"PETOSKEY, MI US",2026,4,32.29,4.01,7,38.0,26.57
USC00206510,"PETOSKEY NCMC, MI US",2026,1,16.69,11.47,31,22.29,11.1
USC00206510,"PETOSKEY NCMC, MI US",2026,2,20.43,10.03,28,29.96,10.89
USC00206510,"PETOSKEY NCMC, MI US",2026,3,29.05,10.94,31,37.55,20.55
USC00206510,"PETOSKEY NCMC, MI US",2026,4,31.79,4.91,7,38.43,25.14
USC00206583,"PICKFORD 3 NE, MI US",2026,1,13.23,13.19,31,21.42,5.03
USC00206583,"PICKFORD 3 NE, MI US",2026,2,19.02,11.04,28,28.96,9.07
USC00206583,"PICKFORD 3 NE, MI US",2026,3,26.73,10.29,31,35.81,17.65
USC00206583,"PICKFORD 3 NE, MI US",2026,4,27.57,5.47,7,34.29,20.86
USC00206658,"PONTIAC WWTP, MI US",2026,1,21.24,11.69,31,28.16,14.32
USC00206658,"PONTIAC WWTP, MI US",2026,2,26.79,10.32,26,36.0,17.58
USC00206658,"PONTIAC WWTP, MI US",2026,3,39.23,9.32,26,49.96,28.5
USC00206658,"PONTIAC WWTP, MI US",2026,4,45.29,8.95,7,57.14,33.43
USC00206662,"PORT AUSTIN WWTP, MI US",2026,1,20.92,10.36,18,28.0,15.11
USC00206662,"PORT AUSTIN WWTP, MI US",2026,2,22.88,9.3,16,30.88,14.88
USC00206662,"PORT AUSTIN WWTP, MI US",2026,3,32.67,8.91,23,40.22,25.13
USC00206662,"PORT AUSTIN WWTP, MI US",2026,4,38.3,7.6,5,48.8,27.8
USC00206680,"PORT HURON, MI US",2026,1,20.0,11.77,31,26.26,13.74
USC00206680,"PORT HURON, MI US",2026,2,24.54,8.85,26,31.85,17.48
USC00206680,"PORT HURON, MI US",2026,3,40.94,9.43,17,50.53,31.35
USC00206680,"PORT HURON, MI US",2026,4,49.0,5.77,3,60.67,37.33
USC00206780,"QUINCY HILL, MI US",2026,1,,,0,,
USC00206780,"QUINCY HILL, MI US",2026,2,,,0,,
USC00206780,"QUINCY HILL, MI US",2026,3,,,0,,
USC00206780,"QUINCY HILL, MI US",2026,4,,,0,,
USC00206884,"REED CITY WWTP, MI US",2026,1,,,0,,
USC00206884,"REED CITY WWTP, MI US",2026,2,,,0,,
USC00206884,"REED CITY WWTP, MI US",2026,3,,,0,,
USC00206884,"REED CITY WWTP, MI US",2026,4,,,0,,
USC00206982,"RICHMOND 4 NNW, MI US",2026,1,18.95,12.97,31,26.94,10.97
USC00206982,"RICHMOND 4 NNW, MI US",2026,2,23.02,10.98,28,33.75,12.29
USC00206982,"RICHMOND 4 NNW, MI US",2026,3,37.84,12.35,19,48.63,27.05
USC00206982,"RICHMOND 4 NNW, MI US",2026,4,48.12,8.71,4,61.5,34.75
USC00207070,"ROCKFORD, MI US",2026,1,,,0,,
USC00207070,"ROCKFORD, MI US",2026,2,,,0,,
USC00207070,"ROCKFORD, MI US",2026,3,,,0,,
USC00207070,"ROCKFORD, MI US",2026,4,,,0,,
USC00207188,"RUDYARD 5 SE, MI US",2026,1,11.84,13.25,31,19.45,4.23
USC00207188,"RUDYARD 5 SE, MI US",2026,2,14.42,13.3,13,25.69,3.15
USC00207188,"RUDYARD 5 SE, MI US",2026,3,21.83,6.09,6,30.5,13.17
USC00207188,"RUDYARD 5 SE, MI US",2026,4,26.5,5.07,3,34.67,18.33
USC00207221,"SAGINAW 8 NW, MI US",2026,1,,,0,,
USC00207221,"SAGINAW 8 NW, MI US",2026,2,,,0,,
USC00207221,"SAGINAW 8 NW, MI US",2026,3,,,0,,
USC00207221,"SAGINAW 8 NW, MI US",2026,4,,,0,,
USC00207222,"SAGINAW NUMBER 3, MI US",2026,1,18.42,11.85,30,25.6,11.23
USC00207222,"SAGINAW NUMBER 3, MI US",2026,2,25.18,10.25,28,34.61,15.75
USC00207222,"SAGINAW NUMBER 3, MI US",2026,3,36.4,9.78,31,46.1,26.71
USC00207222,"SAGINAW NUMBER 3, MI US",2026,4,41.29,6.89,7,51.43,31.14
USC00207277,"BEAVER ISLAND, MI US",2026,1,16.71,11.52,31,22.35,11.06
USC00207277,"BEAVER ISLAND, MI US",2026,2,28.12,1.31,4,37.75,18.5
USC00207277,"BEAVER ISLAND, MI US",2026,3,34.0,0.71,2,39.0,29.0
USC00207280,"SAINT JOHNS, MI US",2026,1,,,0,,
USC00207280,"SAINT JOHNS, MI US",2026,2,,,0,,
USC00207280,"SAINT JOHNS, MI US",2026,3,,,0,,
USC00207280,"SAINT JOHNS, MI US",2026,4,,,0,,
USC00207312,"SALINE 4 SW, MI US",2026,1,20.65,11.17,30,29.45,12.83
USC00207312,"SALINE 4 SW, MI US",2026,2,27.02,10.46,25,36.58,17.12
USC00207312,"SALINE 4 SW, MI US",2026,3,41.84,10.83,28,54.55,29.11
USC00207312,"SALINE 4 SW, MI US",2026,4,46.8,8.55,5,60.14,32.8
USC00207364,"SAULT STE MARIE, MI US",2026,1,11.47,13.15,31,18.97,3.97
USC00207364,"SAULT STE MARIE, MI US",2026,2,16.66,11.2,28,25.75,7.57
USC00207364,"SAULT STE MARIE, MI US",2026,3,23.42,10.04,31,32.71,14.13
USC00207364,"SAULT STE MARIE, MI US",2026,4,28.86,4.36,7,35.14,22.57
USC00207407,"SCOTTVILLE 2 SE, MI US",2026,1,,,0,,
USC00207407,"SCOTTVILLE 2 SE, MI US",2026,2,,,0,,
USC00207407,"SCOTTVILLE 2 SE, MI US",2026,3,,,0,,
USC00207407,"SCOTTVILLE 2 SE, MI US",2026,4,,,0,,
USC00207812,"STAMBAUGH 2 SSE, MI US",2026,1,8.95,14.19,31,16.77,1.13
USC00207812,"STAMBAUGH 2 SSE, MI US",2026,2,18.39,10.43,28,31.18,5.61
USC00207812,"STAMBAUGH 2 SSE, MI US",2026,3,27.56,12.25,31,39.48,15.65
USC00207812,"STAMBAUGH 2 SSE, MI US",2026,4,29.57,5.75,7,36.86,22.29
USC00207820,"STANDISH 4 NE, MI US",2026,1,18.74,12.68,31,25.81,11.68
USC00207820,"STANDISH 4 NE, MI US",2026,2,23.13,9.52,27,32.44,13.81
USC00207820,"STANDISH 4 NE, MI US",2026,3,34.55,9.7,29,43.0,26.1
USC00207820,"STANDISH 4 NE, MI US",2026,4,38.57,6.65,7,47.0,30.14
USC00208043,"TAHQUAMENON FALLS S P, MI US",2026,1,13.02,10.4,30,19.07,6.97
USC00208043,"TAHQUAMENON FALLS S P, MI US",2026,2,27.62,3.84,4,35.5,19.75
USC00208043,"TAHQUAMENON FALLS S P, MI US",2026,3,13.17,9.37,6,23.0,3.33
USC00208080,"TECUMSEH, MI US",2026,2,,,0,,
USC00208184,"THREE RIVERS, MI US",2026,1,22.76,12.99,31,29.9,15.61
USC00208184,"THREE RIVERS, MI US",2026,2,28.55,11.22,28,38.46,18.64
USC00208184,"THREE RIVERS, MI US",2026,3,42.34,11.56,31,53.77,30.9
USC00208184,"THREE RIVERS, MI US",2026,4,47.07,8.2,7,57.43,36.71
USC00208245,"TRAVERSE CITY 4.7ESE, MI US",2026,1,17.71,11.78,31,22.65,12.77
USC00208245,"TRAVERSE CITY 4.7ESE, MI US",2026,2,23.89,8.35,28,31.32,16.46
USC00208245,"TRAVERSE CITY 4.7ESE, MI US",2026,3,32.13,9.98,31,40.16,24.1
USC00208245,"TRAVERSE CITY 4.7ESE, MI US",2026,4,35.86,3.73,7,44.0,27.71
USC00208417,"VANDERBILT 11 ENE, MI US",2026,1,15.89,12.29,31,22.74,9.03
USC00208417,"VANDERBILT 11 ENE, MI US",2026,2,21.67,11.32,24,32.5,10.27
USC00208417,"VANDERBILT 11 ENE, MI US",2026,3,34.59,11.14,17,46.76,20.15
USC00208417,"VANDERBILT 11 ENE, MI US",2026,4,33.4,4.98,5,39.4,27.4
USC00208443,"VASSAR, MI US",2026,1,19.88,12.97,28,26.73,11.55
USC00208443,"VASSAR, MI US",2026,2,23.46,10.59,23,34.5,13.54
USC00208682,"WATERSMEET 12 WSW, MI US",2026,1,,,0,,
USC00208682,"WATERSMEET 12 WSW, MI US",2026,2,,,0,,
USC00208682,"WATERSMEET 12 WSW, MI US",2026,3,,,0,,
USC00208682,"WATERSMEET 12 WSW, MI US",2026,4,,,0,,
USC00208706,"WATTON 2 WSW, MI US",2026,1,9.18,13.6,31,15.65,2.71
USC00208706,"WATTON 2 WSW, MI US",2026,2,19.39,10.32,28,29.04,9.75
USC00208706,"WATTON 2 WSW, MI US",2026,3,27.76,11.06,27,36.81,18.7
USC00208706,"WATTON 2 WSW, MI US",2026,4,27.14,6.28,7,33.71,20.57
USC00208772,"WELLSTON TIPPY DAM, MI US",2026,1,,,0,,
USC00208772,"WELLSTON TIPPY DAM, MI US",2026,2,,,0,,
USC00208772,"WELLSTON TIPPY DAM, MI US",2026,3,,,0,,
USC00208772,"WELLSTON TIPPY DAM, MI US",2026,4,,,0,,
USC00208800,"WEST BRANCH 3 SE, MI US",2026,1,16.08,12.93,31,23.97,8.19
USC00208800,"WEST BRANCH 3 SE, MI US",2026,2,21.29,9.99,28,32.14,10.43
USC00208800,"WEST BRANCH 3 SE, MI US",2026,3,32.44,10.33,31,42.94,21.94
USC00208800,"WEST BRANCH 3 SE, MI US",2026,4,35.86,4.31,7,44.0,27.71
USC00208941,"WHITE LAKE 4 E, MI US",2026,1,18.03,12.71,31,26.45,9.61
USC00208941,"WHITE LAKE 4 E, MI US",2026,2,25.32,10.74,28,36.36,14.29
USC00208941,"WHITE LAKE 4 E, MI US",2026,3,39.16,11.54,31,51.55,26.77
USC00208941,"WHITE LAKE 4 E, MI US",2026,4,39.79,8.9,7,49.86,29.71
USC00208972,"WHITMORE LAKE 1 NW, MI US",2026,1,18.97,12.28,29,26.66,11.17
USC00208972,"WHITMORE LAKE 1 NW, MI US",2026,2,24.82,11.93,28,35.18,14.46
USC00208972,"WHITMORE LAKE 1 NW, MI US",2026,3,39.03,10.74,29,51.24,26.83
USC00208972,"WHITMORE LAKE 1 NW, MI US",2026,4,44.86,8.07,7,57.29,32.43
USC00209110,"WYANDOTTE, MI US",2026,1,,,0,,
USC00209110,"WYANDOTTE, MI US",2026,2,,,0,,
USC00209110,"WYANDOTTE, MI US",2026,3,,,0,,
USC00209110,"WYANDOTTE, MI US",2026,4,,,0,,
USR0000MBAL,"BALDWIN MICHIGAN, MI US",2026,1,26.5,10.0,18,33.06,17.83
USR0000MBAL,"BALDWIN MICHIGAN, MI US",2026,2,25.5,7.49,28,37.39,12.64
USR0000MBAL,"BALDWIN MICHIGAN, MI US",2026,3,35.45,10.12,31,47.48,22.39
USR0000MBAL,"BALDWIN MICHIGAN, MI US",2026,4,39.0,3.61,3,54.0,32.0
USR0000MBRR,"BEAR MICHIGAN, MI US",2026,1,20.48,10.9,31,25.65,15.81
USR0000MBRR,"BEAR MICHIGAN, MI US",2026,2,27.18,6.98,28,35.14,18.75
USR0000MBRR,"BEAR MICHIGAN, MI US",2026,3,34.45,9.25,31,43.16,26.58
USR0000MBRR,"BEAR MICHIGAN, MI US",2026,4,35.33,2.89,3,47.33,29.33
USR0000MDOE,"DOE LAKE MICHIGAN, MI US",2026,1,14.74,12.14,31,21.71,7.06
USR0000MDOE,"DOE LAKE MICHIGAN, MI US",2026,2,22.43,6.62,28,31.21,12.61
USR0000MDOE,"DOE LAKE MICHIGAN, MI US",2026,3,29.1,8.23,31,38.32,20.19
USR0000MDOE,"DOE LAKE MICHIGAN, MI US",2026,4,28.33,2.52,3,32.0,26.0
USR0000MMIO,"MIO MICHIGAN, MI US",2026,1,16.61,12.49,31,23.9,8.55
USR0000MMIO,"MIO MICHIGAN, MI US",2026,2,21.67,9.67,27,33.59,8.96
USR0000MMIO,"MIO MICHIGAN, MI US",2026,3,33.14,8.67,28,43.79,22.11
USR0000MMIO,"MIO MICHIGAN, MI US",2026,4,34.0,8.66,3,42.0,27.33
USR0000MRAC,"RACO MICHIGAN, MI US",2026,1,14.03,11.63,31,21.0,6.61
USR0000MRAC,"RACO MICHIGAN, MI US",2026,2,19.78,8.94,27,27.89,9.7
USR0000MRAC,"RACO MICHIGAN, MI US",2026,3,26.68,8.92,31,35.84,16.74
USR0000MRAC,"RACO MICHIGAN, MI US",2026,4,30.0,3.61,3,36.33,25.33
USR0000MSEN,"SENEY MICHIGAN, MI US",2026,1,15.48,11.99,31,22.19,9.1
USR0000MSEN,"SENEY MICHIGAN, MI US",2026,2,22.67,7.22,27,31.04,13.96
USR0000MSEN,"SENEY MICHIGAN, MI US",2026,3,29.13,8.27,31,37.65,20.71
USR0000MSEN,"SENEY MICHIGAN, MI US",2026,4,31.33,2.52,3,37.0,26.67
USR0000MSPI,"SPINCICH LAKE MICHIGAN, MI US",2026,1,14.35,11.31,31,20.84,8.48
USR0000MSPI,"SPINCICH LAKE MICHIGAN, MI US",2026,2,20.44,7.99,27,28.74,10.85
USR0000MSPI,"SPINCICH LAKE MICHIGAN, MI US",2026,3,26.84,8.82,31,35.97,16.13
USR0000MSPI,"SPINCICH LAKE MICHIGAN, MI US",2026,4,29.0,3.0,3,34.0,24.67
USR0000MWAT,"WATERSMEET MICHIGAN, MI US",2026,1,10.0,14.28,31,17.71,2.13
USR0000MWAT,"WATERSMEET MICHIGAN, MI US",2026,2,21.11,9.11,27,32.3,9.37
USR0000MWAT,"WATERSMEET MICHIGAN, MI US",2026,3,30.32,10.0,31,42.29,19.06
USR0000MWAT,"WATERSMEET MICHIGAN, MI US",2026,4,29.33,0.58,3,34.67,25.33
USW00004839,"HOLLAND TULIP CITY AIRPORT, MI US",2026,1,22.32,11.63,31,28.03,16.61
USW00004839,"HOLLAND TULIP CITY AIRPORT, MI US",2026,2,28.84,9.57,28,37.61,20.07
USW00004839,"HOLLAND TULIP CITY AIRPORT, MI US",2026,3,40.65,10.96,30,50.74,30.4
USW00004839,"HOLLAND TULIP CITY AIRPORT, MI US",2026,4,41.86,7.62,7,51.29,32.43
USW00004847,"ADRIAN LENAWEE CO AIRPORT, MI US",2026,1,21.06,12.17,31,27.65,12.61
USW00004847,"ADRIAN LENAWEE CO AIRPORT, MI US",2026,2,27.39,10.46,28,36.11,17.57
USW00004847,"ADRIAN LENAWEE CO AIRPORT, MI US",2026,3,42.42,11.45,31,53.1,31.74
USW00004847,"ADRIAN LENAWEE CO AIRPORT, MI US",2026,4,45.86,9.31,7,55.86,35.29
USW00004854,"GAYLORD OTSEGO CO AIRPORT, MI US",2026,1,15.27,12.19,31,21.0,9.55
USW00004854,"GAYLORD OTSEGO CO AIRPORT, MI US",2026,2,20.66,10.01,28,30.36,10.96
USW00004854,"GAYLORD OTSEGO CO AIRPORT, MI US",2026,3,29.53,10.13,31,37.81,21.26
USW00004854,"GAYLORD OTSEGO CO AIRPORT, MI US",2026,4,31.07,5.8,7,38.57,23.57
USW00004869,"CHIPPEWA INTERNATIONAL AIRPORT, MI US",2026,1,14.06,11.64,31,21.06,6.97
USW00004869,"CHIPPEWA INTERNATIONAL AIRPORT, MI US",2026,2,20.0,9.25,28,27.86,11.36
USW00004869,"CHIPPEWA INTERNATIONAL AIRPORT, MI US",2026,3,26.03,8.8,31,34.13,17.94
USW00004869,"CHIPPEWA INTERNATIONAL AIRPORT, MI US",2026,4,29.42,2.65,6,34.83,24.5
USW00014804,"MOUNT CLEMENS ANG BASE, MI US",2026,1,21.37,11.51,31,28.58,14.16
USW00014804,"MOUNT CLEMENS ANG BASE, MI US",2026,2,26.55,9.93,28,35.89,17.21
USW00014804,"MOUNT CLEMENS ANG BASE, MI US",2026,3,40.34,11.34,29,49.17,31.52
USW00014804,"MOUNT CLEMENS ANG BASE, MI US",2026,4,49.88,7.36,4,61.0,38.75
USW00014808,"OSCODA WURTSMITH AIRPORT, MI US",2026,1,17.82,12.39,28,24.68,11.11
USW00014808,"OSCODA WURTSMITH AIRPORT, MI US",2026,2,24.0,7.3,25,32.12,16.16
USW00014808,"OSCODA WURTSMITH AIRPORT, MI US",2026,3,33.31,8.71,26,42.85,24.85
USW00014808,"OSCODA WURTSMITH AIRPORT, MI US",2026,4,37.0,7.79,4,43.75,31.5
USW00014814,"ALPENA WASTEWATER PLANT, MI US",2026,1,17.82,11.56,31,23.9,11.74
USW00014814,"ALPENA WASTEWATER PLANT, MI US",2026,2,17.5,,1,24.0,11.0
USW00014815,"BATTLE CREEK KELLOGG AIRPORT, MI US",2026,1,19.47,13.33,31,26.65,12.29
USW00014815,"BATTLE CREEK KELLOGG AIRPORT, MI US",2026,2,27.39,10.52,28,36.93,17.86
USW00014815,"BATTLE CREEK KELLOGG AIRPORT, MI US",2026,3,41.76,11.6,31,53.16,30.35
USW00014815,"BATTLE CREEK KELLOGG AIRPORT, MI US",2026,4,43.0,9.02,7,52.86,33.14
USW00014817,"CADILLAC, MI US",2026,1,15.71,12.75,31,23.1,8.32
USW00014817,"CADILLAC, MI US",2026,2,21.57,9.0,27,33.04,10.85
USW00014817,"CADILLAC, MI US",2026,3,33.83,11.9,24,44.0,23.67
USW00014817,"CADILLAC, MI US",2026,4,37.5,6.18,4,45.0,30.0
USW00014822,"DETROIT CITY AIRPORT, MI US",2026,1,21.74,11.94,31,27.39,14.87
USW00014822,"DETROIT CITY AIRPORT, MI US",2026,2,27.75,9.49,28,35.25,19.21
USW00014822,"DETROIT CITY AIRPORT, MI US",2026,3,41.4,11.24,31,51.94,30.87
USW00014822,"DETROIT CITY AIRPORT, MI US",2026,4,43.07,8.92,7,53.14,33.86
USW00014824,"ESCANABA, MI US",2026,1,,,0,,
USW00014824,"ESCANABA, MI US",2026,2,,,0,,
USW00014824,"ESCANABA, MI US",2026,3,,,0,,
USW00014824,"ESCANABA, MI US",2026,4,,,0,,
USW00014826,"FLINT FCWOS, MI US",2026,1,18.44,13.58,31,25.94,10.94
USW00014826,"FLINT FCWOS, MI US",2026,2,25.12,11.89,28,35.64,14.61
USW00014826,"FLINT FCWOS, MI US",2026,3,38.98,11.2,31,50.06,27.9
USW00014826,"FLINT FCWOS, MI US",2026,4,40.5,8.63,7,50.0,31.0
USW00014828,"GLADWIN, MI US",2026,1,17.66,12.65,31,24.87,10.45
USW00014828,"GLADWIN, MI US",2026,2,23.34,9.11,28,33.75,12.93
USW00014828,"GLADWIN, MI US",2026,3,34.48,10.19,28,44.82,24.14
USW00014828,"GLADWIN, MI US",2026,4,38.29,4.01,7,46.86,29.71
USW00014833,"JACKSON REYNOLDS FIELD, MI US",2026,1,19.26,13.06,31,26.55,11.97
USW00014833,"JACKSON REYNOLDS FIELD, MI US",2026,2,26.46,11.61,28,36.79,16.14
USW00014833,"JACKSON REYNOLDS FIELD, MI US",2026,3,41.5,12.19,31,53.03,29.97
USW00014833,"JACKSON REYNOLDS FIELD, MI US",2026,4,42.79,9.22,7,52.71,32.86
USW00014836,"LANSING CAPITAL CITY AIRPORT, MI US",2026,1,19.5,13.05,31,26.52,12.48
USW00014836,"LANSING CAPITAL CITY AIRPORT, MI US",2026,2,27.71,10.7,28,37.25,18.18
USW00014836,"LANSING CAPITAL CITY AIRPORT, MI US",2026,3,39.77,11.37,31,50.9,28.65
USW00014836,"LANSING CAPITAL CITY AIRPORT, MI US",2026,4,41.29,8.26,7,51.0,31.57
USW00014838,"MARQUETTE, MI US",2026,1,15.42,11.63,31,20.58,10.26
USW00014838,"MARQUETTE, MI US",2026,2,23.43,7.31,28,29.71,17.14
USW00014838,"MARQUETTE, MI US",2026,3,29.03,8.44,30,34.97,23.1
USW00014838,"MARQUETTE, MI US",2026,4,29.71,2.83,7,34.43,25.0
USW00014840,"MUSKEGON CO AIRPORT, MI US",2026,1,22.29,11.35,31,28.0,16.58
USW00014840,"MUSKEGON CO AIRPORT, MI US",2026,2,27.02,8.56,28,35.89,18.14
USW00014840,"MUSKEGON CO AIRPORT, MI US",2026,3,38.74,10.14,31,48.39,29.1
USW00014840,"MUSKEGON CO AIRPORT, MI US",2026,4,40.57,6.92,7,49.29,31.86
USW00014841,"PELLSTON REGIONAL AIRPORT, MI US",2026,1,16.08,13.28,31,22.94,9.23
USW00014841,"PELLSTON REGIONAL AIRPORT, MI US",2026,2,19.05,10.39,28,30.07,8.04
USW00014841,"PELLSTON REGIONAL AIRPORT, MI US",2026,3,28.32,9.59,31,36.87,19.77
USW00014841,"PELLSTON REGIONAL AIRPORT, MI US",2026,4,29.29,5.79,7,35.57,23.0
USW00014845,"SAGINAW MBS INTERNATIONAL AIRPORT, MI US",2026,1,19.1,12.32,31,25.68,12.52
USW00014845,"SAGINAW MBS INTERNATIONAL AIRPORT, MI US",2026,2,25.95,8.98,28,33.82,18.07
USW00014845,"SAGINAW MBS INTERNATIONAL AIRPORT, MI US",2026,3,36.69,9.57,31,45.35,28.03
USW00014845,"SAGINAW MBS INTERNATIONAL AIRPORT, MI US",2026,4,39.43,7.69,7,48.29,30.57
USW00014847,"SAULT STE MARIE SANDERSON FIELD, MI US",2026,1,12.77,12.4,31,19.39,6.16
USW00014847,"SAULT STE MARIE SANDERSON FIELD, MI US",2026,2,18.61,9.76,28,26.14,11.07
USW00014847,"SAULT STE MARIE SANDERSON FIELD, MI US",2026,3,25.02,9.05,31,32.74,17.29
USW00014847,"SAULT STE MARIE SANDERSON FIELD, MI US",2026,4,28.07,5.31,7,34.14,22.0
USW00014850,"TRAVERSE CITY CHERRY CAPITAL AIRPORT, MI US",2026,1,19.69,11.67,31,24.97,14.42
USW00014850,"TRAVERSE CITY CHERRY CAPITAL AIRPORT, MI US",2026,2,25.34,7.67,28,33.61,17.07
USW00014850,"TRAVERSE CITY CHERRY CAPITAL AIRPORT, MI US",2026,3,33.63,8.99,31,41.74,25.52
USW00014850,"TRAVERSE CITY CHERRY CAPITAL AIRPORT, MI US",2026,4,36.71,5.24,7,45.57,27.86
USW00014853,"DETROIT WILLOW RUN AIRPORT, MI US",2026,1,20.48,12.14,31,27.03,12.0
USW00014853,"DETROIT WILLOW RUN AIRPORT, MI US",2026,2,26.93,10.3,28,36.18,17.04
USW00014853,"DETROIT WILLOW RUN AIRPORT, MI US",2026,3,41.63,11.59,31,53.23,30.03
USW00014853,"DETROIT WILLOW RUN AIRPORT, MI US",2026,4,43.71,9.32,7,54.29,33.57
USW00014858,"HANCOCK HOUGHTON CO AIRPORT, MI US",2026,1,16.52,11.54,31,21.52,10.87
USW00014858,"HANCOCK HOUGHTON CO AIRPORT, MI US",2026,2,22.71,7.46,28,30.25,14.64
USW00014858,"HANCOCK HOUGHTON CO AIRPORT, MI US",2026,3,27.26,8.69,31,35.35,19.16
USW00014858,"HANCOCK HOUGHTON CO AIRPORT, MI US",2026,4,26.93,5.88,7,33.71,19.71
USW00054810,"CHATHAM 1 SE, MI US",2026,1,14.26,12.2,31,20.42,8.1
USW00054810,"CHATHAM 1 SE, MI US",2026,2,21.02,6.8,28,29.0,13.04
USW00054810,"CHATHAM 1 SE, MI US",2026,3,28.26,8.69,31,35.9,20.61
USW00054810,"CHATHAM 1 SE, MI US",2026,4,27.83,3.06,3,30.33,25.33
USW00054813,"MUNSING LAKESHORE, MI US",2026,1,16.65,11.69,31,21.84,11.23
USW00054813,"MUNSING LAKESHORE, MI US",2026,2,23.21,6.0,28,29.75,17.29
USW00054813,"MUNSING LAKESHORE, MI US",2026,3,29.27,8.83,31,36.13,22.42
USW00054813,"MUNSING LAKESHORE, MI US",2026,4,29.57,2.76,7,33.43,25.71
USW00054854,"GAYLORD 9 SSW, MI US",2026,1,15.21,12.19,31,20.65,9.77
USW00054854,"GAYLORD 9 SSW, MI US",2026,2,22.2,9.24,28,30.36,14.04
USW00054854,"GAYLORD 9 SSW, MI US",2026,3,30.31,10.34,31,38.13,22.48
USW00054854,"GAYLORD 9 SSW, MI US",2026,4,33.83,6.79,3,42.33,25.33
USW00094814,"HOUGHTON LAKE ROSCOMMON CO AIRPORT, MI US",2026,1,16.13,13.04,31,22.81,9.45
USW00094814,"HOUGHTON LAKE ROSCOMMON CO AIRPORT, MI US",2026,2,22.05,9.45,28,32.21,11.89
USW00094814,"HOUGHTON LAKE ROSCOMMON CO AIRPORT, MI US",2026,3,32.6,9.49,30,42.07,23.13
USW00094814,"HOUGHTON LAKE ROSCOMMON CO AIRPORT, MI US",2026,4,35.5,5.74,7,44.86,26.14
USW00094815,"KALAMAZOO BATTLE CREEK INTERNATIONAL AIRPORT, MI US",2026,1,20.58,13.27,31,27.39,13.77
USW00094815,"KALAMAZOO BATTLE CREEK INTERNATIONAL AIRPORT, MI US",2026,2,28.14,10.56,28,37.71,18.57
USW00094815,"KALAMAZOO BATTLE CREEK INTERNATIONAL AIRPORT, MI US",2026,3,42.13,11.4,31,53.65,30.61
USW00094815,"KALAMAZOO BATTLE CREEK INTERNATIONAL AIRPORT, MI US",2026,4,43.79,9.02,7,53.43,34.14
USW00094817,"PONTIAC OAKLAND CO INTERNATIONAL AIRPORT, MI US",2026,1,19.26,12.28,31,25.42,11.65
USW00094817,"PONTIAC OAKLAND CO INTERNATIONAL AIRPORT, MI US",2026,2,25.75,10.12,28,34.29,16.14
USW00094817,"PONTIAC OAKLAND CO INTERNATIONAL AIRPORT, MI US",2026,3,39.37,12.0,30,49.83,29.47
USW00094817,"PONTIAC OAKLAND CO INTERNATIONAL AIRPORT, MI US",2026,4,45.0,9.06,4,58.25,37.5
USW00094836,"GWINN K I SAWYER AFB, MI US",2026,1,12.68,12.51,31,18.9,7.52
USW00094836,"GWINN K I SAWYER AFB, MI US",2026,2,20.29,7.28,28,29.21,13.57
USW00094836,"GWINN K I SAWYER AFB, MI US",2026,3,28.33,8.46,24,36.62,21.17
USW00094836,"GWINN K I SAWYER AFB, MI US",2026,4,28.25,3.1,4,31.5,25.5
USW00094847,"DETROIT METRO AIRPORT, MI US",2026,1,20.65,12.02,31,27.52,13.77
USW00094847,"DETROIT METRO AIRPORT, MI US",2026,2,27.75,10.52,28,36.86,18.64
USW00094847,"DETROIT METRO AIRPORT, MI US",2026,3,42.11,11.33,31,53.19,31.03
USW00094847,"DETROIT METRO AIRPORT, MI US",2026,4,44.29,9.11,7,54.86,33.71
USW00094849,"ALPENA CO REGIONAL AIRPORT, MI US",2026,1,17.15,12.64,31,23.81,10.48
USW00094849,"ALPENA CO REGIONAL AIRPORT, MI US",2026,2,21.25,8.75,28,30.21,12.29
USW00094849,"ALPENA CO REGIONAL AIRPORT, MI US",2026,3,29.79,10.05,31,38.81,20.77
USW00094849,"ALPENA CO REGIONAL AIRPORT, MI US",2026,4,33.36,6.29,7,40.29,26.43
USW00094850,"MARQUETTE WEATHER FORECAST OFFICE, MI US",2026,1,10.85,12.45,31,17.03,4.68
USW00094850,"MARQUETTE WEATHER FORECAST OFFICE, MI US",2026,2,19.2,8.05,28,27.93,10.46
USW00094850,"MARQUETTE WEATHER FORECAST OFFICE, MI US",2026,3,26.52,9.08,31,35.35,17.68
USW00094850,"MARQUETTE WEATHER FORECAST OFFICE, MI US",2026,4,25.79,4.68,7,32.43,19.14
USW00094853,"ESCANABA DELTA CO AIRPORT, MI US",2026,1,15.03,12.81,31,22.84,8.52
USW00094853,"ESCANABA DELTA CO AIRPORT, MI US",2026,2,23.11,6.6,27,32.11,14.93
USW00094853,"ESCANABA DELTA CO AIRPORT, MI US",2026,3,30.2,8.1,30,38.03,23.43
USW00094853,"ESCANABA DELTA CO AIRPORT, MI US",2026,4,31.75,1.5,4,34.75,28.75
USW00094860,"GRAND RAPIDS GERALD R FORD INTERNATIONAL AIRPORT, MI US",2026,1,20.19,12.85,31,26.71,13.68
USW00094860,"GRAND RAPIDS GERALD R FORD INTERNATIONAL AIRPORT, MI US",2026,2,27.84,10.06,28,36.89,18.79
USW00094860,"GRAND RAPIDS GERALD R FORD INTERNATIONAL AIRPORT, MI US",2026,3,40.03,10.97,31,50.87,29.19
USW00094860,"GRAND RAPIDS GERALD R FORD INTERNATIONAL AIRPORT, MI US",2026,4,41.21,7.85,7,50.71,31.71
USW00094871,"BENTON HARBOR, MI US",2026,1,23.53,11.96,31,29.61,17.45
USW00094871,"BENTON HARBOR, MI US",2026,2,29.73,9.05,28,38.43,21.04
USW00094871,"BENTON HARBOR, MI US",2026,3,42.53,11.19,31,53.74,31.32
USW00094871,"BENTON HARBOR, MI US",2026,4,44.21,8.71,7,53.0,35.43
USW00094889,"ANN ARBOR MUNICIPAL AIRPORT, MI US",2026,1,19.81,12.4,31,26.87,9.0
USW00094889,"ANN ARBOR MUNICIPAL AIRPORT, MI US",2026,2,26.0,10.67,28,35.5,13.21
USW00094889,"ANN ARBOR MUNICIPAL AIRPORT, MI US",2026,3,40.94,11.56,31,53.32,28.55
USW00094889,"ANN ARBOR MUNICIPAL AIRPORT, MI US",2026,4,43.79,8.94,7,53.29,32.71
USW00094893,"IRON MOUNTAIN FORD AIRPORT, MI US",2026,1,12.74,13.04,31,19.77,4.81
USW00094893,"IRON MOUNTAIN FORD AIRPORT, MI US",2026,2,22.32,8.36,28,31.89,11.04
USW00094893,"IRON MOUNTAIN FORD AIRPORT, MI US",2026,3,32.52,8.69,28,42.96,22.07
USW00094893,"IRON MOUNTAIN FORD AIRPORT, MI US",2026,4,31.92,3.63,6,37.5,26.33
USW00094898,"PORT HOPE, MI US",2026,1,20.61,10.68,31,25.74,14.74
USW00094898,"PORT HOPE, MI US",2026,2,24.5,7.8,28,31.04,17.36
USW00094898,"PORT HOPE, MI US",2026,3,34.0,9.7,31,42.16,25.84
USW00094898,"PORT HOPE, MI US",2026,4,37.36,8.38,7,46.0,30.14
USW00094899,"COPPER HARBOR, MI US",2026,1,16.87,10.68,31,21.48,12.16
USW00094899,"COPPER HARBOR, MI US",2026,2,23.54,6.79,28,30.29,16.68
USW00094899,"COPPER HARBOR, MI US",2026,3,27.63,7.18,30,33.37,21.9
USW00094899,"COPPER HARBOR, MI US",2026,4,29.58,3.51,6,32.5,26.33
