STATION,NAME,DATE,TAVG,TMAX,TMIN,TOBS,TAVG_computed,Year,Month,lat,lon,short_name
USW00014850,"TRAVERSE CITY CHERRY CAPITAL AIRPORT, MI US",2026-01-01,,16.0,13.0,,14.5,2026,1,44.7414,-85.5822,Traverse City
USW00014850,"TRAVERSE CITY CHERRY CAPITAL AIRPORT, MI US",2026-01-02,,18.0,14.0,,16.0,2026,1,44.7414,-85.5822,Traverse City
USW00014850,"TRAVERSE CITY CHERRY CAPITAL AIRPORT, MI US",2026-01-03,,24.0,17.0,,20.5,2026,1,44.7414,-85.5822,Traverse City
USW00014850,"TRAVERSE CITY CHERRY CAPITAL AIRPORT, MI US",2026-01-04,,26.0,23.0,,24.5,2026,1,44.7414,-85.5822,Traverse City
USW00014850,"TRAVERSE CITY CHERRY CAPITAL AIRPORT, MI US",2026-01-05,,33.0,25.0,,29.0,2026,1,44.7414,-85.5822,Traverse City
USW00014850,"TRAVERSE CITY CHERRY CAPITAL AIRPORT, MI US",2026-01-06,,35.0,32.0,,33.5,2026,1,44.7414,-85.5822,Traverse City
USW00014850,"TRAVERSE CITY CHERRY CAPITAL AIRPORT, MI US",2026-01-07,,36.0,32.0,,34.0,2026,1,44.7414,-85.5822,Traverse City
USW00014850,"TRAVERSE CITY CHERRY CAPITAL AIRPORT, MI US",2026-01-08,,50.0,31.0,,40.5,2026,1,44.7414,-85.5822,Traverse City
USW00014850,"TRAVERSE CITY CHERRY CAPITAL AIRPORT, MI US",2026-01-09,,55.0,34.0,,44.5,2026,1,44.7414,-85.5822,Traverse City
USW00014850,"TRAVERSE CITY CHERRY CAPITAL AIRPORT, MI US",2026-01-10,,35.0,27.0,,31.0,2026,1,44.7414,-85.5822,Traverse City
USW00014850,"TRAVERSE CITY CHERRY CAPITAL AIRPORT, MI US",2026-01-11,,31.0,25.0,,28.0,2026,1,44.7414,-85.5822,Traverse City
USW00014850,"TRAVERSE CITY CHERRY CAPITAL AIRPORT, MI US",2026-01-12,,38.0,26.0,,32.0,2026,1,44.7414,-85.5822,Traverse City
USW00014850,"TRAVERSE CITY CHERRY CAPITAL AIRPORT, MI US",2026-01-13,,40.0,28.0,,34.0,2026,1,44.7414,-85.5822,Traverse City
USW00014850,"TRAVERSE CITY CHERRY CAPITAL AIRPORT, MI US",2026-01-14,,38.0,16.0,,27.0,2026,1,44.7414,-85.5822,Traverse City
USW00014850,"TRAVERSE CITY CHERRY CAPITAL AIRPORT, MI US",2026-01-15,,20.0,14.0,,17.0,2026,1,44.7414,-85.5822,Traverse City
USW00014850,"TRAVERSE CITY CHERRY CAPITAL AIRPORT, MI US",2026-01-16,,29.0,20.0,,24.5,2026,1,44.7414,-85.5822,Traverse City
USW00014850,"TRAVERSE CITY CHERRY CAPITAL AIRPORT, MI US",2026-01-17,,30.0,23.0,,26.5,2026,1,44.7414,-85.5822,Traverse City
USW00014850,"TRAVERSE CITY CHERRY CAPITAL AIRPORT, MI US",2026-01-18,,24.0,14.0,,19.0,2026,1,44.7414,-85.5822,Traverse City
USW00014850,"TRAVERSE CITY CHERRY CAPITAL AIRPORT, MI US",2026-01-19,,19.0,5.0,,12.0,2026,1,44.7414,-85.5822,Traverse City
USW00014850,"TRAVERSE CITY CHERRY CAPITAL AIRPORT, MI US",2026-01-20,,14.0,4.0,,9.0,2026,1,44.7414,-85.5822,Traverse City
USW00014850,"TRAVERSE CITY CHERRY CAPITAL AIRPORT, MI US",2026-01-21,,22.0,12.0,,17.0,2026,1,44.7414,-85.5822,Traverse City
USW00014850,"TRAVERSE CITY CHERRY CAPITAL AIRPORT, MI US",2026-01-22,,21.0,4.0,,12.5,2026,1,44.7414,-85.5822,Traverse City
USW00014850,"TRAVERSE CITY CHERRY CAPITAL AIRPORT, MI US",2026-01-23,,4.0,-4.0,,0.0,2026,1,44.7414,-85.5822,Traverse City
USW00014850,"TRAVERSE CITY CHERRY CAPITAL AIRPORT, MI US",2026-01-24,,8.0,-4.0,,2.0,2026,1,44.7414,-85.5822,Traverse City
USW00014850,"TRAVERSE CITY CHERRY CAPITAL AIRPORT, MI US",2026-01-25,,15.0,-5.0,,5.0,2026,1,44.7414,-85.5822,Traverse City
USW00014850,"TRAVERSE CITY CHERRY CAPITAL AIRPORT, MI US",2026-01-26,,14.0,7.0,,10.5,2026,1,44.7414,-85.5822,Traverse City
USW00014850,"TRAVERSE CITY CHERRY CAPITAL AIRPORT, MI US",2026-01-27,,15.0,9.0,,12.0,2026,1,44.7414,-85.5822,Traverse City
USW00014850,"TRAVERSE CITY CHERRY CAPITAL AIRPORT, MI US",2026-01-28,,15.0,10.0,,12.5,2026,1,44.7414,-85.5822,Traverse City
USW00014850,"TRAVERSE CITY CHERRY CAPITAL AIRPORT, MI US",2026-01-29,,12.0,0.0,,6.0,2026,1,44.7414,-85.5822,Traverse City
USW00014850,"TRAVERSE CITY CHERRY CAPITAL AIRPORT, MI US",2026-01-30,,19.0,-2.0,,8.5,2026,1,44.7414,-85.5822,Traverse City
USW00014850,"TRAVERSE CITY CHERRY CAPITAL AIRPORT, MI US",2026-01-31,,18.0,-3.0,,7.5,2026,1,44.7414,-85.5822,Traverse City
USW00014850,"TRAVERSE CITY CHERRY CAPITAL AIRPORT, MI US",2026-02-01,,31.0,-5.0,,13.0,2026,2,44.7414,-85.5822,Traverse City
USW00014850,"TRAVERSE CITY CHERRY CAPITAL AIRPORT, MI US",2026-02-02,,26.0,17.0,,21.5,2026,2,44.7414,-85.5822,Traverse City
USW00014850,"TRAVERSE CITY CHERRY CAPITAL AIRPORT, MI US",2026-02-03,,23.0,18.0,,20.5,2026,2,44.7414,-85.5822,Traverse City
USW00014850,"TRAVERSE CITY CHERRY CAPITAL AIRPORT, MI US",2026-02-04,,24.0,13.0,,18.5,2026,2,44.7414,-85.5822,Traverse City
USW00014850,"TRAVERSE CITY CHERRY CAPITAL AIRPORT, MI US",2026-02-05,,29.0,12.0,,20.5,2026,2,44.7414,-85.5822,Traverse City
USW00014850,"TRAVERSE CITY CHERRY CAPITAL AIRPORT, MI US",2026-02-06,,31.0,15.0,,23.0,2026,2,44.7414,-85.5822,Traverse City
USW00014850,"TRAVERSE CITY CHERRY CAPITAL AIRPORT, MI US",2026-02-07,,17.0,9.0,,13.0,2026,2,44.7414,-85.5822,Traverse City
USW00014850,"TRAVERSE CITY CHERRY CAPITAL AIRPORT, MI US",2026-02-08,,25.0,5.0,,15.0,2026,2,44.7414,-85.5822,Traverse City
USW00014850,"TRAVERSE CITY CHERRY CAPITAL AIRPORT, MI US",2026-02-09,,35.0,13.0,,24.0,2026,2,44.7414,-85.5822,Traverse City
USW00014850,"TRAVERSE CITY CHERRY CAPITAL AIRPORT, MI US",2026-02-10,,36.0,28.0,,32.0,2026,2,44.7414,-85.5822,Traverse City
USW00014850,"TRAVERSE CITY CHERRY CAPITAL AIRPORT, MI US",2026-02-11,,28.0,24.0,,26.0,2026,2,44.7414,-85.5822,Traverse City
USW00014850,"TRAVERSE CITY CHERRY CAPITAL AIRPORT, MI US",2026-02-12,,26.0,7.0,,16.5,2026,2,44.7414,-85.5822,Traverse City
USW00014850,"TRAVERSE CITY CHERRY CAPITAL AIRPORT, MI US",2026-02-13,,41.0,4.0,,22.5,2026,2,44.7414,-85.5822,Traverse City
USW00014850,"TRAVERSE CITY CHERRY CAPITAL AIRPORT, MI US",2026-02-14,,36.0,14.0,,25.0,2026,2,44.7414,-85.5822,Traverse City
USW00014850,"TRAVERSE CITY CHERRY CAPITAL AIRPORT, MI US",2026-02-15,,44.0,22.0,,33.0,2026,2,44.7414,-85.5822,Traverse City
USW00014850,"TRAVERSE CITY CHERRY CAPITAL AIRPORT, MI US",2026-02-16,,48.0,25.0,,36.5,2026,2,44.7414,-85.5822,Traverse City
USW00014850,"TRAVERSE CITY CHERRY CAPITAL AIRPORT, MI US",2026-02-17,,42.0,21.0,,31.5,2026,2,44.7414,-85.5822,Traverse City
USW00014850,"TRAVERSE CITY CHERRY CAPITAL AIRPORT, MI US",2026-02-18,,41.0,34.0,,37.5,2026,2,44.7414,-85.5822,Traverse City
USW00014850,"TRAVERSE CITY CHERRY CAPITAL AIRPORT, MI US",2026-02-19,,48.0,31.0,,39.5,2026,2,44.7414,-85.5822,Traverse City
USW00014850,"TRAVERSE CITY CHERRY CAPITAL AIRPORT, MI US",2026-02-20,,38.0,31.0,,34.5,2026,2,44.7414,-85.5822,Traverse City
USW00014850,"TRAVERSE CITY CHERRY CAPITAL AIRPORT, MI US",2026-02-21,,31.0,26.0,,28.5,2026,2,44.7414,-85.5822,Traverse City
USW00014850,"TRAVERSE CITY CHERRY CAPITAL AIRPORT, MI US",2026-02-22,,29.0,24.0,,26.5,2026,2,44.7414,-85.5822,Traverse City
USW00014850,"TRAVERSE CITY CHERRY CAPITAL AIRPORT, MI US",2026-02-23,,24.0,15.0,,19.5,2026,2,44.7414,-85.5822,Traverse City
USW00014850,"TRAVERSE CITY CHERRY CAPITAL AIRPORT, MI US",2026-02-24,,31.0,11.0,,21.0,2026,2,44.7414,-85.5822,Traverse City
USW00014850,"TRAVERSE CITY CHERRY CAPITAL AIRPORT, MI US",2026-02-25,,29.0,17.0,,23.0,2026,2,44.7414,-85.5822,Traverse City
USW00014850,"TRAVERSE CITY CHERRY CAPITAL AIRPORT, MI US",2026-02-26,,33.0,6.0,,19.5,2026,2,44.7414,-85.5822,Traverse City
USW00014850,"TRAVERSE CITY CHERRY CAPITAL AIRPORT, MI US",2026-02-27,,51.0,24.0,,37.5,2026,2,44.7414,-85.5822,Traverse City
USW00014850,"TRAVERSE CITY CHERRY CAPITAL AIRPORT, MI US",2026-02-28,,44.0,17.0,,30.5,2026,2,44.7414,-85.5822,Traverse City
USW00014850,"TRAVERSE CITY CHERRY CAPITAL AIRPORT, MI US",2026-03-01,,23.0,11.0,,17.0,2026,3,44.7414,-85.5822,Traverse City
USW00014850,"TRAVERSE CITY CHERRY CAPITAL AIRPORT, MI US",2026-03-02,,37.0,9.0,,23.0,2026,3,44.7414,-85.5822,Traverse City
USW00014850,"TRAVERSE CITY CHERRY CAPITAL AIRPORT, MI US",2026-03-03,,41.0,25.0,,33.0,2026,3,44.7414,-85.5822,Traverse City
USW00014850,"TRAVERSE CITY CHERRY CAPITAL AIRPORT, MI US",2026-03-04,,56.0,24.0,,40.0,2026,3,44.7414,-85.5822,Traverse City
USW00014850,"TRAVERSE CITY CHERRY CAPITAL AIRPORT, MI US",2026-03-05,,48.0,23.0,,35.5,2026,3,44.7414,-85.5822,Traverse City
USW00014850,"TRAVERSE CITY CHERRY CAPITAL AIRPORT, MI US",2026-03-06,,48.0,37.0,,42.5,2026,3,44.7414,-85.5822,Traverse City
USW00014850,"TRAVERSE CITY CHERRY CAPITAL AIRPORT, MI US",2026-03-07,,60.0,34.0,,47.0,2026,3,44.7414,-85.5822,Traverse City
USW00014850,"TRAVERSE CITY CHERRY CAPITAL AIRPORT, MI US",2026-03-08,,51.0,33.0,,42.0,2026,3,44.7414,-85.5822,Traverse City
USW00014850,"TRAVERSE CITY CHERRY CAPITAL AIRPORT, MI US",2026-03-09,,67.0,35.0,,51.0,2026,3,44.7414,-85.5822,Traverse City
USW00014850,"TRAVERSE CITY CHERRY CAPITAL AIRPORT, MI US",2026-03-10,,44.0,33.0,,38.5,2026,3,44.7414,-85.5822,Traverse City
USW00014850,"TRAVERSE CITY CHERRY CAPITAL AIRPORT, MI US",2026-03-11,,34.0,25.0,,29.5,2026,3,44.7414,-85.5822,Traverse City
USW00014850,"TRAVERSE CITY CHERRY CAPITAL AIRPORT, MI US",2026-03-12,,35.0,21.0,,28.0,2026,3,44.7414,-85.5822,Traverse City
USW00014850,"TRAVERSE CITY CHERRY CAPITAL AIRPORT, MI US",2026-03-13,,37.0,27.0,,32.0,2026,3,44.7414,-85.5822,Traverse City
USW00014850,"TRAVERSE CITY CHERRY CAPITAL AIRPORT, MI US",2026-03-14,,34.0,25.0,,29.5,2026,3,44.7414,-85.5822,Traverse City
USW00014850,"TRAVERSE CITY CHERRY CAPITAL AIRPORT, MI US",2026-03-15,,32.0,26.0,,29.0,2026,3,44.7414,-85.5822,Traverse City
USW00014850,"TRAVERSE CITY CHERRY CAPITAL AIRPORT, MI US",2026-03-16,,26.0,15.0,,20.5,2026,3,44.7414,-85.5822,Traverse City
USW00014850,"TRAVERSE CITY CHERRY CAPITAL AIRPORT, MI US",2026-03-17,,19.0,14.0,,16.5,2026,3,44.7414,-85.5822,Traverse City
USW00014850,"TRAVERSE CITY CHERRY CAPITAL AIRPORT, MI US",2026-03-18,,30.0,12.0,,21.0,2026,3,44.7414,-85.5822,Traverse City
USW00014850,"TRAVERSE CITY CHERRY CAPITAL AIRPORT, MI US",2026-03-19,,38.0,30.0,,34.0,2026,3,44.7414,-85.5822,Traverse City
USW00014850,"TRAVERSE CITY CHERRY CAPITAL AIRPORT, MI US",2026-03-20,,43.0,27.0,,35.0,2026,3,44.7414,-85.5822,Traverse City
USW00014850,"TRAVERSE CITY CHERRY CAPITAL AIRPORT, MI US",2026-03-21,,47.0,28.0,,37.5,2026,3,44.7414,-85.5822,Traverse City
USW00014850,"TRAVERSE CITY CHERRY CAPITAL AIRPORT, MI US",2026-03-22,,41.0,30.0,,35.5,2026,3,44.7414,-85.5822,Traverse City
USW00014850,"TRAVERSE CITY CHERRY CAPITAL AIRPORT, MI US",2026-03-23,,33.0,21.0,,27.0,2026,3,44.7414,-85.5822,Traverse City
USW00014850,"TRAVERSE CITY CHERRY CAPITAL AIRPORT, MI US",2026-03-24,,43.0,21.0,,32.0,2026,3,44.7414,-85.5822,Traverse City
USW00014850,"TRAVERSE CITY CHERRY CAPITAL AIRPORT, MI US",2026-03-25,,56.0,26.0,,41.0,2026,3,44.7414,-85.5822,Traverse City
USW00014850,"TRAVERSE CITY CHERRY CAPITAL AIRPORT, MI US",2026-03-26,,44.0,27.0,,35.5,2026,3,44.7414,-85.5822,Traverse City
USW00014850,"TRAVERSE CITY CHERRY CAPITAL AIRPORT, MI US",2026-03-27,,31.0,21.0,,26.0,2026,3,44.7414,-85.5822,Traverse City
USW00014850,"TRAVERSE CITY CHERRY CAPITAL AIRPORT, MI US",2026-03-28,,35.0,24.0,,29.5,2026,3,44.7414,-85.5822,Traverse City
USW00014850,"TRAVERSE CITY CHERRY CAPITAL AIRPORT, MI US",2026-03-29,,60.0,35.0,,47.5,2026,3,44.7414,-85.5822,Traverse City
USW00014850,"TRAVERSE CITY CHERRY CAPITAL AIRPORT, MI US",2026-03-30,,57.0,39.0,,48.0,2026,3,44.7414,-85.5822,Traverse City
USW00014850,"TRAVERSE CITY CHERRY CAPITAL AIRPORT, MI US",2026-03-31,,44.0,33.0,,38.5,2026,3,44.7414,-85.5822,Traverse City
USW00014850,"TRAVERSE CITY CHERRY CAPITAL AIRPORT, MI US",2026-04-01,,39.0,28.0,,33.5,2026,4,44.7414,-85.5822,Traverse City
USW00014850,"TRAVERSE CITY CHERRY CAPITAL AIRPORT, MI US",2026-04-02,,49.0,28.0,,38.5,2026,4,44.7414,-85.5822,Traverse City
USW00014850,"TRAVERSE CITY CHERRY CAPITAL AIRPORT, MI US",2026-04-03,,58.0,33.0,,45.5,2026,4,44.7414,-85.5822,Traverse City
USW00014850,"TRAVERSE CITY CHERRY CAPITAL AIRPORT, MI US",2026-04-04,,47.0,34.0,,40.5,2026,4,44.7414,-85.5822,Traverse City
USW00014850,"TRAVERSE CITY CHERRY CAPITAL AIRPORT, MI US",2026-04-05,,43.0,27.0,,35.0,2026,4,44.7414,-85.5822,Traverse City
USW00014850,"TRAVERSE CITY CHERRY CAPITAL AIRPORT, MI US",2026-04-06,,46.0,23.0,,34.5,2026,4,44.7414,-85.5822,Traverse City
USW00014850,"TRAVERSE CITY CHERRY CAPITAL AIRPORT, MI US",2026-04-07,,37.0,22.0,,29.5,2026,4,44.7414,-85.5822,Traverse City
USW00094893,"IRON MOUNTAIN FORD AIRPORT, MI US",2026-01-01,8.0,9.0,5.0,,7.0,2026,1,45.8203,-88.1145,Iron Mountain
USW00094893,"IRON MOUNTAIN FORD AIRPORT, MI US",2026-01-02,9.0,14.0,7.0,,10.5,2026,1,45.8203,-88.1145,Iron Mountain
USW00094893,"IRON MOUNTAIN FORD AIRPORT, MI US",2026-01-03,13.0,20.0,8.0,,14.0,2026,1,45.8203,-88.1145,Iron Mountain
USW00094893,"IRON MOUNTAIN FORD AIRPORT, MI US",2026-01-04,18.0,21.0,15.0,,18.0,2026,1,45.8203,-88.1145,Iron Mountain
USW00094893,"IRON MOUNTAIN FORD AIRPORT, MI US",2026-01-05,23.0,27.0,17.0,,22.0,2026,1,45.8203,-88.1145,Iron Mountain
USW00094893,"IRON MOUNTAIN FORD AIRPORT, MI US",2026-01-06,21.0,33.0,14.0,,23.5,2026,1,45.8203,-88.1145,Iron Mountain
USW00094893,"IRON MOUNTAIN FORD AIRPORT, MI US",2026-01-07,32.0,38.0,29.0,,33.5,2026,1,45.8203,-88.1145,Iron Mountain
USW00094893,"IRON MOUNTAIN FORD AIRPORT, MI US",2026-01-08,32.0,35.0,31.0,,33.0,2026,1,45.8203,-88.1145,Iron Mountain
USW00094893,"IRON MOUNTAIN FORD AIRPORT, MI US",2026-01-09,33.0,35.0,21.0,,28.0,2026,1,45.8203,-88.1145,Iron Mountain
USW00094893,"IRON MOUNTAIN FORD AIRPORT, MI US",2026-01-10,27.0,29.0,21.0,,25.0,2026,1,45.8203,-88.1145,Iron Mountain
USW00094893,"IRON MOUNTAIN FORD AIRPORT, MI US",2026-01-11,24.0,27.0,22.0,,24.5,2026,1,45.8203,-88.1145,Iron Mountain
USW00094893,"IRON MOUNTAIN FORD AIRPORT, MI US",2026-01-12,27.0,41.0,18.0,,29.5,2026,1,45.8203,-88.1145,Iron Mountain
USW00094893,"IRON MOUNTAIN FORD AIRPORT, MI US",2026-01-13,32.0,39.0,24.0,,31.5,2026,1,45.8203,-88.1145,Iron Mountain
USW00094893,"IRON MOUNTAIN FORD AIRPORT, MI US",2026-01-14,19.0,24.0,10.0,,17.0,2026,1,45.8203,-88.1145,Iron Mountain
USW00094893,"IRON MOUNTAIN FORD AIRPORT, MI US",2026-01-15,13.0,19.0,10.0,,14.5,2026,1,45.8203,-88.1145,Iron Mountain
USW00094893,"IRON MOUNTAIN FORD AIRPORT, MI US",2026-01-16,20.0,25.0,18.0,,21.5,2026,1,45.8203,-88.1145,Iron Mountain
USW00094893,"IRON MOUNTAIN FORD AIRPORT, MI US",2026-01-17,23.0,29.0,15.0,,22.0,2026,1,45.8203,-88.1145,Iron Mountain
USW00094893,"IRON MOUNTAIN FORD AIRPORT, MI US",2026-01-18,13.0,15.0,5.0,,10.0,2026,1,45.8203,-88.1145,Iron Mountain
USW00094893,"IRON MOUNTAIN FORD AIRPORT, MI US",2026-01-19,5.0,10.0,-7.0,,1.5,2026,1,45.8203,-88.1145,Iron Mountain
USW00094893,"IRON MOUNTAIN FORD AIRPORT, MI US",2026-01-20,-3.0,8.0,-10.0,,-1.0,2026,1,45.8203,-88.1145,Iron Mountain
USW00094893,"IRON MOUNTAIN FORD AIRPORT, MI US",2026-01-21,7.0,18.0,-1.0,,8.5,2026,1,45.8203,-88.1145,Iron Mountain
USW00094893,"IRON MOUNTAIN FORD AIRPORT, MI US",2026-01-22,6.0,10.0,-12.0,,-1.0,2026,1,45.8203,-88.1145,Iron Mountain
USW00094893,"IRON MOUNTAIN FORD AIRPORT, MI US",2026-01-23,-11.0,-5.0,-19.0,,-12.0,2026,1,45.8203,-88.1145,Iron Mountain
USW00094893,"IRON MOUNTAIN FORD AIRPORT, MI US",2026-01-24,-11.0,4.0,-24.0,,-10.0,2026,1,45.8203,-88.1145,Iron Mountain
USW00094893,"IRON MOUNTAIN FORD AIRPORT, MI US",2026-01-25,-9.0,10.0,-21.0,,-5.5,2026,1,45.8203,-88.1145,Iron Mountain
USW00094893,"IRON MOUNTAIN FORD AIRPORT, MI US",2026-01-26,-2.0,8.0,-15.0,,-3.5,2026,1,45.8203,-88.1145,Iron Mountain
USW00094893,"IRON MOUNTAIN FORD AIRPORT, MI US",2026-01-27,4.0,9.0,-8.0,,0.5,2026,1,45.8203,-88.1145,Iron Mountain
USW00094893,"IRON MOUNTAIN FORD AIRPORT, MI US",2026-01-28,3.0,11.0,-1.0,,5.0,2026,1,45.8203,-88.1145,Iron Mountain
USW00094893,"IRON MOUNTAIN FORD AIRPORT, MI US",2026-01-29,2.0,12.0,-10.0,,1.0,2026,1,45.8203,-88.1145,Iron Mountain
USW00094893,"IRON MOUNTAIN FORD AIRPORT, MI US",2026-01-30,2.0,13.0,-9.0,,2.0,2026,1,45.8203,-88.1145,Iron Mountain
USW00094893,"IRON MOUNTAIN FORD AIRPORT, MI US",2026-01-31,15.0,25.0,-4.0,,10.5,2026,1,45.8203,-88.1145,Iron Mountain
USW00094893,"IRON MOUNTAIN FORD AIRPORT, MI US",2026-02-01,8.0,30.0,-11.0,,9.5,2026,2,45.8203,-88.1145,Iron Mountain
USW00094893,"IRON MOUNTAIN FORD AIRPORT, MI US",2026-02-02,21.0,23.0,12.0,,17.5,2026,2,45.8203,-88.1145,Iron Mountain
USW00094893,"IRON MOUNTAIN FORD AIRPORT, MI US",2026-02-03,13.0,17.0,0.0,,8.5,2026,2,45.8203,-88.1145,Iron Mountain
USW00094893,"IRON MOUNTAIN FORD AIRPORT, MI US",2026-02-04,8.0,27.0,-11.0,,8.0,2026,2,45.8203,-88.1145,Iron Mountain
USW00094893,"IRON MOUNTAIN FORD AIRPORT, MI US",2026-02-05,23.0,30.0,19.0,,24.5,2026,2,45.8203,-88.1145,Iron Mountain
USW00094893,"IRON MOUNTAIN FORD AIRPORT, MI US",2026-02-06,24.0,32.0,7.0,,19.5,2026,2,45.8203,-88.1145,Iron Mountain
USW00094893,"IRON MOUNTAIN FORD AIRPORT, MI US",2026-02-07,8.0,18.0,-5.0,,6.5,2026,2,45.8203,-88.1145,Iron Mountain
USW00094893,"IRON MOUNTAIN FORD AIRPORT, MI US",2026-02-08,16.0,23.0,12.0,,17.5,2026,2,45.8203,-88.1145,Iron Mountain
USW00094893,"IRON MOUNTAIN FORD AIRPORT, MI US",2026-02-09,25.0,33.0,22.0,,27.5,2026,2,45.8203,-88.1145,Iron Mountain
USW00094893,"IRON MOUNTAIN FORD AIRPORT, MI US",2026-02-10,30.0,34.0,24.0,,29.0,2026,2,45.8203,-88.1145,Iron Mountain
USW00094893,"IRON MOUNTAIN FORD AIRPORT, MI US",2026-02-11,24.0,27.0,4.0,,15.5,2026,2,45.8203,-88.1145,Iron Mountain
USW00094893,"IRON MOUNTAIN FORD AIRPORT, MI US",2026-02-12,15.0,34.0,-2.0,,16.0,2026,2,45.8203,-88.1145,Iron Mountain
USW00094893,"IRON MOUNTAIN FORD AIRPORT, MI US",2026-02-13,29.0,48.0,12.0,,30.0,2026,2,45.8203,-88.1145,Iron Mountain
USW00094893,"IRON MOUNTAIN FORD AIRPORT, MI US",2026-02-14,27.0,46.0,10.0,,28.0,2026,2,45.8203,-88.1145,Iron Mountain
USW00094893,"IRON MOUNTAIN FORD AIRPORT, MI US",2026-02-15,33.0,49.0,22.0,,35.5,2026,2,45.8203,-88.1145,Iron Mountain
USW00094893,"IRON MOUNTAIN FORD AIRPORT, MI US",2026-02-16,36.0,51.0,25.0,,38.0,2026,2,45.8203,-88.1145,Iron Mountain
USW00094893,"IRON MOUNTAIN FORD AIRPORT, MI US",2026-02-17,32.0,45.0,20.0,,32.5,2026,2,45.8203,-88.1145,Iron Mountain
USW00094893,"IRON MOUNTAIN FORD AIRPORT, MI US",2026-02-18,33.0,33.0,31.0,,32.0,2026,2,45.8203,-88.1145,Iron Mountain
USW00094893,"IRON MOUNTAIN FORD AIRPORT, MI US",2026-02-19,32.0,34.0,28.0,,31.0,2026,2,45.8203,-88.1145,Iron Mountain
USW00094893,"IRON MOUNTAIN FORD AIRPORT, MI US",2026-02-20,31.0,34.0,24.0,,29.0,2026,2,45.8203,-88.1145,Iron Mountain
USW00094893,"IRON MOUNTAIN FORD AIRPORT, MI US",2026-02-21,24.0,25.0,20.0,,22.5,2026,2,45.8203,-88.1145,Iron Mountain
USW00094893,"IRON MOUNTAIN FORD AIRPORT, MI US",2026-02-22,20.0,22.0,15.0,,18.5,2026,2,45.8203,-88.1145,Iron Mountain
USW00094893,"IRON MOUNTAIN FORD AIRPORT, MI US",2026-02-23,14.0,18.0,8.0,,13.0,2026,2,45.8203,-88.1145,Iron Mountain
USW00094893,"IRON MOUNTAIN FORD AIRPORT, MI US",2026-02-24,15.0,26.0,8.0,,17.0,2026,2,45.8203,-88.1145,Iron Mountain
USW00094893,"IRON MOUNTAIN FORD AIRPORT, MI US",2026-02-25,17.0,24.0,-2.0,,11.0,2026,2,45.8203,-88.1145,Iron Mountain
USW00094893,"IRON MOUNTAIN FORD AIRPORT, MI US",2026-02-26,15.0,35.0,-1.0,,17.0,2026,2,45.8203,-88.1145,Iron Mountain
USW00094893,"IRON MOUNTAIN FORD AIRPORT, MI US",2026-02-27,30.0,51.0,12.0,,31.5,2026,2,45.8203,-88.1145,Iron Mountain
USW00094893,"IRON MOUNTAIN FORD AIRPORT, MI US",2026-02-28,22.0,24.0,6.0,,15.0,2026,2,45.8203,-88.1145,Iron Mountain
USW00094893,"IRON MOUNTAIN FORD AIRPORT, MI US",2026-03-01,,23.0,0.0,,11.5,2026,3,45.8203,-88.1145,Iron Mountain
USW00094893,"IRON MOUNTAIN FORD AIRPORT, MI US",2026-03-02,,37.0,2.0,,19.5,2026,3,45.8203,-88.1145,Iron Mountain
USW00094893,"IRON MOUNTAIN FORD AIRPORT, MI US",2026-03-03,,48.0,26.0,,37.0,2026,3,45.8203,-88.1145,Iron Mountain
USW00094893,"IRON MOUNTAIN FORD AIRPORT, MI US",2026-03-04,,55.0,23.0,,39.0,2026,3,45.8203,-88.1145,Iron Mountain
USW00094893,"IRON MOUNTAIN FORD AIRPORT, MI US",2026-03-05,,46.0,24.0,,35.0,2026,3,45.8203,-88.1145,Iron Mountain
USW00094893,"IRON MOUNTAIN FORD AIRPORT, MI US",2026-03-06,,38.0,33.0,,35.5,2026,3,45.8203,-88.1145,Iron Mountain
USW00094893,"IRON MOUNTAIN FORD AIRPORT, MI US",2026-03-07,,38.0,30.0,,34.0,2026,3,45.8203,-88.1145,Iron Mountain
USW00094893,"IRON MOUNTAIN FORD AIRPORT, MI US",2026-03-08,,53.0,29.0,,41.0,2026,3,45.8203,-88.1145,Iron Mountain
USW00094893,"IRON MOUNTAIN FORD AIRPORT, MI US",2026-03-09,,60.0,33.0,,46.5,2026,3,45.8203,-88.1145,Iron Mountain
USW00094893,"IRON MOUNTAIN FORD AIRPORT, MI US",2026-03-10,,33.0,27.0,,30.0,2026,3,45.8203,-88.1145,Iron Mountain
USW00094893,"IRON MOUNTAIN FORD AIRPORT, MI US",2026-03-11,,32.0,25.0,,28.5,2026,3,45.8203,-88.1145,Iron Mountain
USW00094893,"IRON MOUNTAIN FORD AIRPORT, MI US",2026-03-12,,38.0,13.0,,25.5,2026,3,45.8203,-88.1145,Iron Mountain
USW00094893,"IRON MOUNTAIN FORD AIRPORT, MI US",2026-03-13,,31.0,20.0,,25.5,2026,3,45.8203,-88.1145,Iron Mountain
USW00094893,"IRON MOUNTAIN FORD AIRPORT, MI US",2026-03-14,,35.0,-1.0,,17.0,2026,3,45.8203,-88.1145,Iron Mountain
USW00094893,"IRON MOUNTAIN FORD AIRPORT, MI US",2026-03-18,,32.0,24.0,,28.0,2026,3,45.8203,-88.1145,Iron Mountain
USW00094893,"IRON MOUNTAIN FORD AIRPORT, MI US",2026-03-19,,45.0,19.0,,32.0,2026,3,45.8203,-88.1145,Iron Mountain
USW00094893,"IRON MOUNTAIN FORD AIRPORT, MI US",2026-03-20,,55.0,29.0,,42.0,2026,3,45.8203,-88.1145,Iron Mountain
USW00094893,"IRON MOUNTAIN FORD AIRPORT, MI US",2026-03-21,,48.0,28.0,,38.0,2026,3,45.8203,-88.1145,Iron Mountain
USW00094893,"IRON MOUNTAIN FORD AIRPORT, MI US",2026-03-22,,37.0,23.0,,30.0,2026,3,45.8203,-88.1145,Iron Mountain
USW00094893,"IRON MOUNTAIN FORD AIRPORT, MI US",2026-03-23,,40.0,22.0,,31.0,2026,3,45.8203,-88.1145,Iron Mountain
USW00094893,"IRON MOUNTAIN FORD AIRPORT, MI US",2026-03-24,,49.0,30.0,,39.5,2026,3,45.8203,-88.1145,Iron Mountain
USW00094893,"IRON MOUNTAIN FORD AIRPORT, MI US",2026-03-25,,58.0,30.0,,44.0,2026,3,45.8203,-88.1145,Iron Mountain
USW00094893,"IRON MOUNTAIN FORD AIRPORT, MI US",2026-03-26,,45.0,19.0,,32.0,2026,3,45.8203,-88.1145,Iron Mountain
USW00094893,"IRON MOUNTAIN FORD AIRPORT, MI US",2026-03-27,,32.0,12.0,,22.0,2026,3,45.8203,-88.1145,Iron Mountain
USW00094893,"IRON MOUNTAIN FORD AIRPORT, MI US",2026-03-28,,35.0,14.0,,24.5,2026,3,45.8203,-88.1145,Iron Mountain
USW00094893,"IRON MOUNTAIN FORD AIRPORT, MI US",2026-03-29,,59.0,21.0,,40.0,2026,3,45.8203,-88.1145,Iron Mountain
USW00094893,"IRON MOUNTAIN FORD AIRPORT, MI US",2026-03-30,,55.0,32.0,,43.5,2026,3,45.8203,-88.1145,Iron Mountain
USW00094893,"IRON MOUNTAIN FORD AIRPORT, MI US",2026-03-31,,46.0,31.0,,38.5,2026,3,45.8203,-88.1145,Iron Mountain
USW00094893,"IRON MOUNTAIN FORD AIRPORT, MI US",2026-04-01,,37.0,25.0,,31.0,2026,4,45.8203,-88.1145,Iron Mountain
USW00094893,"IRON MOUNTAIN FORD AIRPORT, MI US",2026-04-02,,33.0,28.0,,30.5,2026,4,45.8203,-88.1145,Iron Mountain
USW00094893,"IRON MOUNTAIN FORD AIRPORT, MI US",2026-04-03,33.0,35.0,30.0,,32.5,2026,4,45.8203,-88.1145,Iron Mountain
USW00094893,"IRON MOUNTAIN FORD AIRPORT, MI US",2026-04-04,33.0,36.0,31.0,,33.5,2026,4,45.8203,-88.1145,Iron Mountain
USW00094893,"IRON MOUNTAIN FORD AIRPORT, MI US",2026-04-05,,46.0,29.0,,37.5,2026,4,45.8203,-88.1145,Iron Mountain
USW00094893,"IRON MOUNTAIN FORD AIRPORT, MI US",2026-04-06,,38.0,15.0,,26.5,2026,4,45.8203,-88.1145,Iron Mountain
USW00094817,"PONTIAC OAKLAND CO INTERNATIONAL AIRPORT, MI US",2026-01-01,13.0,17.0,6.0,,11.5,2026,1,42.6653,-83.4185,Pontiac Airport
USW00094817,"PONTIAC OAKLAND CO INTERNATIONAL AIRPORT, MI US",2026-01-02,18.0,20.0,11.0,,15.5,2026,1,42.6653,-83.4185,Pontiac Airport
USW00094817,"PONTIAC OAKLAND CO INTERNATIONAL AIRPORT, MI US",2026-01-03,15.0,22.0,8.0,,15.0,2026,1,42.6653,-83.4185,Pontiac Airport
USW00094817,"PONTIAC OAKLAND CO INTERNATIONAL AIRPORT, MI US",2026-01-04,23.0,25.0,19.0,,22.0,2026,1,42.6653,-83.4185,Pontiac Airport
USW00094817,"PONTIAC OAKLAND CO INTERNATIONAL AIRPORT, MI US",2026-01-05,29.0,36.0,25.0,,30.5,2026,1,42.6653,-83.4185,Pontiac Airport
USW00094817,"PONTIAC OAKLAND CO INTERNATIONAL AIRPORT, MI US",2026-01-06,33.0,35.0,31.0,,33.0,2026,1,42.6653,-83.4185,Pontiac Airport
USW00094817,"PONTIAC OAKLAND CO INTERNATIONAL AIRPORT, MI US",2026-01-07,35.0,38.0,33.0,,35.5,2026,1,42.6653,-83.4185,Pontiac Airport
USW00094817,"PONTIAC OAKLAND CO INTERNATIONAL AIRPORT, MI US",2026-01-08,39.0,52.0,33.0,,42.5,2026,1,42.6653,-83.4185,Pontiac Airport
USW00094817,"PONTIAC OAKLAND CO INTERNATIONAL AIRPORT, MI US",2026-01-09,48.0,59.0,30.0,,44.5,2026,1,42.6653,-83.4185,Pontiac Airport
USW00094817,"PONTIAC OAKLAND CO INTERNATIONAL AIRPORT, MI US",2026-01-10,33.0,35.0,26.0,,30.5,2026,1,42.6653,-83.4185,Pontiac Airport
USW00094817,"PONTIAC OAKLAND CO INTERNATIONAL AIRPORT, MI US",2026-01-11,27.0,30.0,23.0,,26.5,2026,1,42.6653,-83.4185,Pontiac Airport
USW00094817,"PONTIAC OAKLAND CO INTERNATIONAL AIRPORT, MI US",2026-01-12,29.0,35.0,24.0,,29.5,2026,1,42.6653,-83.4185,Pontiac Airport
USW00094817,"PONTIAC OAKLAND CO INTERNATIONAL AIRPORT, MI US",2026-01-13,33.0,43.0,28.0,,35.5,2026,1,42.6653,-83.4185,Pontiac Airport
USW00094817,"PONTIAC OAKLAND CO INTERNATIONAL AIRPORT, MI US",2026-01-14,33.0,41.0,11.0,,26.0,2026,1,42.6653,-83.4185,Pontiac Airport
USW00094817,"PONTIAC OAKLAND CO INTERNATIONAL AIRPORT, MI US",2026-01-15,11.0,18.0,6.0,,12.0,2026,1,42.6653,-83.4185,Pontiac Airport
USW00094817,"PONTIAC OAKLAND CO INTERNATIONAL AIRPORT, MI US",2026-01-16,18.0,31.0,10.0,,20.5,2026,1,42.6653,-83.4185,Pontiac Airport
USW00094817,"PONTIAC OAKLAND CO INTERNATIONAL AIRPORT, MI US",2026-01-17,27.0,32.0,12.0,,22.0,2026,1,42.6653,-83.4185,Pontiac Airport
USW00094817,"PONTIAC OAKLAND CO INTERNATIONAL AIRPORT, MI US",2026-01-18,14.0,19.0,12.0,,15.5,2026,1,42.6653,-83.4185,Pontiac Airport
USW00094817,"PONTIAC OAKLAND CO INTERNATIONAL AIRPORT, MI US",2026-01-19,13.0,16.0,3.0,,9.5,2026,1,42.6653,-83.4185,Pontiac Airport
USW00094817,"PONTIAC OAKLAND CO INTERNATIONAL AIRPORT, MI US",2026-01-20,6.0,13.0,1.0,,7.0,2026,1,42.6653,-83.4185,Pontiac Airport
USW00094817,"PONTIAC OAKLAND CO INTERNATIONAL AIRPORT, MI US",2026-01-21,18.0,29.0,9.0,,19.0,2026,1,42.6653,-83.4185,Pontiac Airport
USW00094817,"PONTIAC OAKLAND CO INTERNATIONAL AIRPORT, MI US",2026-01-22,22.0,25.0,14.0,,19.5,2026,1,42.6653,-83.4185,Pontiac Airport
USW00094817,"PONTIAC OAKLAND CO INTERNATIONAL AIRPORT, MI US",2026-01-23,5.0,14.0,-8.0,,3.0,2026,1,42.6653,-83.4185,Pontiac Airport
USW00094817,"PONTIAC OAKLAND CO INTERNATIONAL AIRPORT, MI US",2026-01-24,-4.0,6.0,-14.0,,-4.0,2026,1,42.6653,-83.4185,Pontiac Airport
USW00094817,"PONTIAC OAKLAND CO INTERNATIONAL AIRPORT, MI US",2026-01-25,8.0,14.0,4.0,,9.0,2026,1,42.6653,-83.4185,Pontiac Airport
USW00094817,"PONTIAC OAKLAND CO INTERNATIONAL AIRPORT, MI US",2026-01-26,12.0,15.0,3.0,,9.0,2026,1,42.6653,-83.4185,Pontiac Airport
USW00094817,"PONTIAC OAKLAND CO INTERNATIONAL AIRPORT, MI US",2026-01-27,8.0,15.0,1.0,,8.0,2026,1,42.6653,-83.4185,Pontiac Airport
USW00094817,"PONTIAC OAKLAND CO INTERNATIONAL AIRPORT, MI US",2026-01-28,8.0,14.0,-2.0,,6.0,2026,1,42.6653,-83.4185,Pontiac Airport
USW00094817,"PONTIAC OAKLAND CO INTERNATIONAL AIRPORT, MI US",2026-01-29,9.0,12.0,5.0,,8.5,2026,1,42.6653,-83.4185,Pontiac Airport
USW00094817,"PONTIAC OAKLAND CO INTERNATIONAL AIRPORT, MI US",2026-01-30,4.0,13.0,-8.0,,2.5,2026,1,42.6653,-83.4185,Pontiac Airport
USW00094817,"PONTIAC OAKLAND CO INTERNATIONAL AIRPORT, MI US",2026-01-31,10.0,14.0,5.0,,9.5,2026,1,42.6653,-83.4185,Pontiac Airport
USW00094817,"PONTIAC OAKLAND CO INTERNATIONAL AIRPORT, MI US",2026-02-01,12.0,25.0,2.0,,13.5,2026,2,42.6653,-83.4185,Pontiac Airport
USW00094817,"PONTIAC OAKLAND CO INTERNATIONAL AIRPORT, MI US",2026-02-02,12.0,23.0,1.0,,12.0,2026,2,42.6653,-83.4185,Pontiac Airport
USW00094817,"PONTIAC OAKLAND CO INTERNATIONAL AIRPORT, MI US",2026-02-03,22.0,24.0,9.0,,16.5,2026,2,42.6653,-83.4185,Pontiac Airport
USW00094817,"PONTIAC OAKLAND CO INTERNATIONAL AIRPORT, MI US",2026-02-04,16.0,20.0,4.0,,12.0,2026,2,42.6653,-83.4185,Pontiac Airport
USW00094817,"PONTIAC OAKLAND CO INTERNATIONAL AIRPORT, MI US",2026-02-05,11.0,21.0,1.0,,11.0,2026,2,42.6653,-83.4185,Pontiac Airport
USW00094817,"PONTIAC OAKLAND CO INTERNATIONAL AIRPORT, MI US",2026-02-06,22.0,30.0,11.0,,20.5,2026,2,42.6653,-83.4185,Pontiac Airport
USW00094817,"PONTIAC OAKLAND CO INTERNATIONAL AIRPORT, MI US",2026-02-07,12.0,17.0,2.0,,9.5,2026,2,42.6653,-83.4185,Pontiac Airport
USW00094817,"PONTIAC OAKLAND CO INTERNATIONAL AIRPORT, MI US",2026-02-08,9.0,20.0,0.0,,10.0,2026,2,42.6653,-83.4185,Pontiac Airport
USW00094817,"PONTIAC OAKLAND CO INTERNATIONAL AIRPORT, MI US",2026-02-09,13.0,25.0,4.0,,14.5,2026,2,42.6653,-83.4185,Pontiac Airport
USW00094817,"PONTIAC OAKLAND CO INTERNATIONAL AIRPORT, MI US",2026-02-10,30.0,41.0,22.0,,31.5,2026,2,42.6653,-83.4185,Pontiac Airport
USW00094817,"PONTIAC OAKLAND CO INTERNATIONAL AIRPORT, MI US",2026-02-11,31.0,35.0,24.0,,29.5,2026,2,42.6653,-83.4185,Pontiac Airport
USW00094817,"PONTIAC OAKLAND CO INTERNATIONAL AIRPORT, MI US",2026-02-12,24.0,28.0,14.0,,21.0,2026,2,42.6653,-83.4185,Pontiac Airport
USW00094817,"PONTIAC OAKLAND CO INTERNATIONAL AIRPORT, MI US",2026-02-13,22.0,39.0,9.0,,24.0,2026,2,42.6653,-83.4185,Pontiac Airport
USW00094817,"PONTIAC OAKLAND CO INTERNATIONAL AIRPORT, MI US",2026-02-14,36.0,49.0,22.0,,35.5,2026,2,42.6653,-83.4185,Pontiac Airport
USW00094817,"PONTIAC OAKLAND CO INTERNATIONAL AIRPORT, MI US",2026-02-15,34.0,48.0,22.0,,35.0,2026,2,42.6653,-83.4185,Pontiac Airport
USW00094817,"PONTIAC OAKLAND CO INTERNATIONAL AIRPORT, MI US",2026-02-16,36.0,54.0,24.0,,39.0,2026,2,42.6653,-83.4185,Pontiac Airport
USW00094817,"PONTIAC OAKLAND CO INTERNATIONAL AIRPORT, MI US",2026-02-17,39.0,49.0,30.0,,39.5,2026,2,42.6653,-83.4185,Pontiac Airport
USW00094817,"PONTIAC OAKLAND CO INTERNATIONAL AIRPORT, MI US",2026-02-18,39.0,44.0,34.0,,39.0,2026,2,42.6653,-83.4185,Pontiac Airport
USW00094817,"PONTIAC OAKLAND CO INTERNATIONAL AIRPORT, MI US",2026-02-19,35.0,40.0,32.0,,36.0,2026,2,42.6653,-83.4185,Pontiac Airport
USW00094817,"PONTIAC OAKLAND CO INTERNATIONAL AIRPORT, MI US",2026-02-20,36.0,41.0,32.0,,36.5,2026,2,42.6653,-83.4185,Pontiac Airport
USW00094817,"PONTIAC OAKLAND CO INTERNATIONAL AIRPORT, MI US",2026-02-21,32.0,33.0,29.0,,31.0,2026,2,42.6653,-83.4185,Pontiac Airport
USW00094817,"PONTIAC OAKLAND CO INTERNATIONAL AIRPORT, MI US",2026-02-22,28.0,30.0,25.0,,27.5,2026,2,42.6653,-83.4185,Pontiac Airport
USW00094817,"PONTIAC OAKLAND CO INTERNATIONAL AIRPORT, MI US",2026-02-23,24.0,26.0,16.0,,21.0,2026,2,42.6653,-83.4185,Pontiac Airport
USW00094817,"PONTIAC OAKLAND CO INTERNATIONAL AIRPORT, MI US",2026-02-24,19.0,31.0,11.0,,21.0,2026,2,42.6653,-83.4185,Pontiac Airport
USW00094817,"PONTIAC OAKLAND CO INTERNATIONAL AIRPORT, MI US",2026-02-25,29.0,32.0,21.0,,26.5,2026,2,42.6653,-83.4185,Pontiac Airport
USW00094817,"PONTIAC OAKLAND CO INTERNATIONAL AIRPORT, MI US",2026-02-26,19.0,31.0,9.0,,20.0,2026,2,42.6653,-83.4185,Pontiac Airport
USW00094817,"PONTIAC OAKLAND CO INTERNATIONAL AIRPORT, MI US",2026-02-27,38.0,54.0,20.0,,37.0,2026,2,42.6653,-83.4185,Pontiac Airport
USW00094817,"PONTIAC OAKLAND CO INTERNATIONAL AIRPORT, MI US",2026-02-28,41.0,50.0,22.0,,36.0,2026,2,42.6653,-83.4185,Pontiac Airport
USW00094817,"PONTIAC OAKLAND CO INTERNATIONAL AIRPORT, MI US",2026-03-01,,25.0,12.0,,18.5,2026,3,42.6653,-83.4185,Pontiac Airport
USW00094817,"PONTIAC OAKLAND CO INTERNATIONAL AIRPORT, MI US",2026-03-02,,30.0,7.0,,18.5,2026,3,42.6653,-83.4185,Pontiac Airport
USW00094817,"PONTIAC OAKLAND CO INTERNATIONAL AIRPORT, MI US",2026-03-03,,38.0,17.0,,27.5,2026,3,42.6653,-83.4185,Pontiac Airport
USW00094817,"PONTIAC OAKLAND CO INTERNATIONAL AIRPORT, MI US",2026-03-04,,48.0,23.0,,35.5,2026,3,42.6653,-83.4185,Pontiac Airport
USW00094817,"PONTIAC OAKLAND CO INTERNATIONAL AIRPORT, MI US",2026-03-05,,43.0,34.0,,38.5,2026,3,42.6653,-83.4185,Pontiac Airport
USW00094817,"PONTIAC OAKLAND CO INTERNATIONAL AIRPORT, MI US",2026-03-06,,56.0,36.0,,46.0,2026,3,42.6653,-83.4185,Pontiac Airport
USW00094817,"PONTIAC OAKLAND CO INTERNATIONAL AIRPORT, MI US",2026-03-07,,65.0,42.0,,53.5,2026,3,42.6653,-83.4185,Pontiac Airport
USW00094817,"PONTIAC OAKLAND CO INTERNATIONAL AIRPORT, MI US",2026-03-08,47.0,58.0,39.0,,48.5,2026,3,42.6653,-83.4185,Pontiac Airport
USW00094817,"PONTIAC OAKLAND CO INTERNATIONAL AIRPORT, MI US",2026-03-09,55.0,70.0,45.0,,57.5,2026,3,42.6653,-83.4185,Pontiac Airport
USW00094817,"PONTIAC OAKLAND CO INTERNATIONAL AIRPORT, MI US",2026-03-10,56.0,64.0,35.0,,49.5,2026,3,42.6653,-83.4185,Pontiac Airport
USW00094817,"PONTIAC OAKLAND CO INTERNATIONAL AIRPORT, MI US",2026-03-11,43.0,54.0,33.0,,43.5,2026,3,42.6653,-83.4185,Pontiac Airport
USW00094817,"PONTIAC OAKLAND CO INTERNATIONAL AIRPORT, MI US",2026-03-12,34.0,39.0,27.0,,33.0,2026,3,42.6653,-83.4185,Pontiac Airport
USW00094817,"PONTIAC OAKLAND CO INTERNATIONAL AIRPORT, MI US",2026-03-13,35.0,45.0,28.0,,36.5,2026,3,42.6653,-83.4185,Pontiac Airport
USW00094817,"PONTIAC OAKLAND CO INTERNATIONAL AIRPORT, MI US",2026-03-14,33.0,37.0,25.0,,31.0,2026,3,42.6653,-83.4185,Pontiac Airport
USW00094817,"PONTIAC OAKLAND CO INTERNATIONAL AIRPORT, MI US",2026-03-15,44.0,70.0,30.0,,50.0,2026,3,42.6653,-83.4185,Pontiac Airport
USW00094817,"PONTIAC OAKLAND CO INTERNATIONAL AIRPORT, MI US",2026-03-16,42.0,68.0,28.0,,48.0,2026,3,42.6653,-83.4185,Pontiac Airport
USW00094817,"PONTIAC OAKLAND CO INTERNATIONAL AIRPORT, MI US",2026-03-17,18.0,21.0,15.0,,18.0,2026,3,42.6653,-83.4185,Pontiac Airport
USW00094817,"PONTIAC OAKLAND CO INTERNATIONAL AIRPORT, MI US",2026-03-18,23.0,30.0,15.0,,22.5,2026,3,42.6653,-83.4185,Pontiac Airport
USW00094817,"PONTIAC OAKLAND CO INTERNATIONAL AIRPORT, MI US",2026-03-19,39.0,50.0,30.0,,40.0,2026,3,42.6653,-83.4185,Pontiac Airport
USW00094817,"PONTIAC OAKLAND CO INTERNATIONAL AIRPORT, MI US",2026-03-20,50.0,65.0,37.0,,51.0,2026,3,42.6653,-83.4185,Pontiac Airport
USW00094817,"PONTIAC OAKLAND CO INTERNATIONAL AIRPORT, MI US",2026-03-21,39.0,46.0,33.0,,39.5,2026,3,42.6653,-83.4185,Pontiac Airport
USW00094817,"PONTIAC OAKLAND CO INTERNATIONAL AIRPORT, MI US",2026-03-22,41.0,50.0,35.0,,42.5,2026,3,42.6653,-83.4185,Pontiac Airport
USW00094817,"PONTIAC OAKLAND CO INTERNATIONAL AIRPORT, MI US",2026-03-23,32.0,34.0,29.0,,31.5,2026,3,42.6653,-83.4185,Pontiac Airport
USW00094817,"PONTIAC OAKLAND CO INTERNATIONAL AIRPORT, MI US",2026-03-24,33.0,44.0,20.0,,32.0,2026,3,42.6653,-83.4185,Pontiac Airport
USW00094817,"PONTIAC OAKLAND CO INTERNATIONAL AIRPORT, MI US",2026-03-25,44.0,59.0,30.0,,44.5,2026,3,42.6653,-83.4185,Pontiac Airport
USW00094817,"PONTIAC OAKLAND CO INTERNATIONAL AIRPORT, MI US",2026-03-27,33.0,47.0,24.0,,35.5,2026,3,42.6653,-83.4185,Pontiac Airport
USW00094817,"PONTIAC OAKLAND CO INTERNATIONAL AIRPORT, MI US",2026-03-28,32.0,41.0,23.0,,32.0,2026,3,42.6653,-83.4185,Pontiac Airport
USW00094817,"PONTIAC OAKLAND CO INTERNATIONAL AIRPORT, MI US",2026-03-29,45.0,54.0,34.0,,44.0,2026,3,42.6653,-83.4185,Pontiac Airport
USW00094817,"PONTIAC OAKLAND CO INTERNATIONAL AIRPORT, MI US",2026-03-30,58.0,71.0,40.0,,55.5,2026,3,42.6653,-83.4185,Pontiac Airport
USW00094817,"PONTIAC OAKLAND CO INTERNATIONAL AIRPORT, MI US",2026-03-31,67.0,73.0,58.0,,65.5,2026,3,42.6653,-83.4185,Pontiac Airport
USW00094817,"PONTIAC OAKLAND CO INTERNATIONAL AIRPORT, MI US",2026-04-01,38.0,62.0,32.0,,47.0,2026,4,42.6653,-83.4185,Pontiac Airport
USW00094817,"PONTIAC OAKLAND CO INTERNATIONAL AIRPORT, MI US",2026-04-02,38.0,48.0,30.0,,39.0,2026,4,42.6653,-83.4185,Pontiac Airport
USW00094817,"PONTIAC OAKLAND CO INTERNATIONAL AIRPORT, MI US",2026-04-03,57.0,63.0,51.0,,57.0,2026,4,42.6653,-83.4185,Pontiac Airport
USW00094817,"PONTIAC OAKLAND CO INTERNATIONAL AIRPORT, MI US",2026-04-04,47.0,60.0,37.0,,48.5,2026,4,42.6653,-83.4185,Pontiac Airport
USW00094836,"GWINN K I SAWYER AFB, MI US",2026-01-01,6.0,10.0,3.0,,6.5,2026,1,46.3497,-87.3953,Gwinn Sawyer AFB
USW00094836,"GWINN K I SAWYER AFB, MI US",2026-01-02,9.0,14.0,7.0,,10.5,2026,1,46.3497,-87.3953,Gwinn Sawyer AFB
USW00094836,"GWINN K I SAWYER AFB, MI US",2026-01-03,13.0,18.0,9.0,,13.5,2026,1,46.3497,-87.3953,Gwinn Sawyer AFB
USW00094836,"GWINN K I SAWYER AFB, MI US",2026-01-04,17.0,19.0,12.0,,15.5,2026,1,46.3497,-87.3953,Gwinn Sawyer AFB
USW00094836,"GWINN K I SAWYER AFB, MI US",2026-01-05,22.0,25.0,18.0,,21.5,2026,1,46.3497,-87.3953,Gwinn Sawyer AFB
USW00094836,"GWINN K I SAWYER AFB, MI US",2026-01-06,24.0,30.0,19.0,,24.5,2026,1,46.3497,-87.3953,Gwinn Sawyer AFB
USW00094836,"GWINN K I SAWYER AFB, MI US",2026-01-07,29.0,34.0,27.0,,30.5,2026,1,46.3497,-87.3953,Gwinn Sawyer AFB
USW00094836,"GWINN K I SAWYER AFB, MI US",2026-01-08,32.0,34.0,30.0,,32.0,2026,1,46.3497,-87.3953,Gwinn Sawyer AFB
USW00094836,"GWINN K I SAWYER AFB, MI US",2026-01-09,32.0,34.0,30.0,,32.0,2026,1,46.3497,-87.3953,Gwinn Sawyer AFB
USW00094836,"GWINN K I SAWYER AFB, MI US",2026-01-10,29.0,30.0,27.0,,28.5,2026,1,46.3497,-87.3953,Gwinn Sawyer AFB
USW00094836,"GWINN K I SAWYER AFB, MI US",2026-01-11,23.0,27.0,21.0,,24.0,2026,1,46.3497,-87.3953,Gwinn Sawyer AFB
USW00094836,"GWINN K I SAWYER AFB, MI US",2026-01-12,26.0,37.0,19.0,,28.0,2026,1,46.3497,-87.3953,Gwinn Sawyer AFB
USW00094836,"GWINN K I SAWYER AFB, MI US",2026-01-13,30.0,36.0,21.0,,28.5,2026,1,46.3497,-87.3953,Gwinn Sawyer AFB
USW00094836,"GWINN K I SAWYER AFB, MI US",2026-01-14,17.0,36.0,12.0,,24.0,2026,1,46.3497,-87.3953,Gwinn Sawyer AFB
USW00094836,"GWINN K I SAWYER AFB, MI US",2026-01-15,14.0,18.0,12.0,,15.0,2026,1,46.3497,-87.3953,Gwinn Sawyer AFB
USW00094836,"GWINN K I SAWYER AFB, MI US",2026-01-16,18.0,21.0,14.0,,17.5,2026,1,46.3497,-87.3953,Gwinn Sawyer AFB
USW00094836,"GWINN K I SAWYER AFB, MI US",2026-01-17,21.0,25.0,16.0,,20.5,2026,1,46.3497,-87.3953,Gwinn Sawyer AFB
USW00094836,"GWINN K I SAWYER AFB, MI US",2026-01-18,13.0,16.0,10.0,,13.0,2026,1,46.3497,-87.3953,Gwinn Sawyer AFB
USW00094836,"GWINN K I SAWYER AFB, MI US",2026-01-19,6.0,14.0,0.0,,7.0,2026,1,46.3497,-87.3953,Gwinn Sawyer AFB
USW00094836,"GWINN K I SAWYER AFB, MI US",2026-01-20,-5.0,7.0,-11.0,,-2.0,2026,1,46.3497,-87.3953,Gwinn Sawyer AFB
USW00094836,"GWINN K I SAWYER AFB, MI US",2026-01-21,6.0,16.0,-2.0,,7.0,2026,1,46.3497,-87.3953,Gwinn Sawyer AFB
USW00094836,"GWINN K I SAWYER AFB, MI US",2026-01-22,4.0,12.0,-2.0,,5.0,2026,1,46.3497,-87.3953,Gwinn Sawyer AFB
USW00094836,"GWINN K I SAWYER AFB, MI US",2026-01-23,-9.0,-4.0,-11.0,,-7.5,2026,1,46.3497,-87.3953,Gwinn Sawyer AFB
USW00094836,"GWINN K I SAWYER AFB, MI US",2026-01-24,-12.0,5.0,-22.0,,-8.5,2026,1,46.3497,-87.3953,Gwinn Sawyer AFB
USW00094836,"GWINN K I SAWYER AFB, MI US",2026-01-25,-6.0,7.0,-20.0,,-6.5,2026,1,46.3497,-87.3953,Gwinn Sawyer AFB
USW00094836,"GWINN K I SAWYER AFB, MI US",2026-01-26,-3.0,5.0,-15.0,,-5.0,2026,1,46.3497,-87.3953,Gwinn Sawyer AFB
USW00094836,"GWINN K I SAWYER AFB, MI US",2026-01-27,3.0,7.0,-2.0,,2.5,2026,1,46.3497,-87.3953,Gwinn Sawyer AFB
USW00094836,"GWINN K I SAWYER AFB, MI US",2026-01-28,6.0,10.0,3.0,,6.5,2026,1,46.3497,-87.3953,Gwinn Sawyer AFB
USW00094836,"GWINN K I SAWYER AFB, MI US",2026-01-29,3.0,10.0,-4.0,,3.0,2026,1,46.3497,-87.3953,Gwinn Sawyer AFB
USW00094836,"GWINN K I SAWYER AFB, MI US",2026-01-30,8.0,14.0,0.0,,7.0,2026,1,46.3497,-87.3953,Gwinn Sawyer AFB
USW00094836,"GWINN K I SAWYER AFB, MI US",2026-01-31,17.0,19.0,12.0,,15.5,2026,1,46.3497,-87.3953,Gwinn Sawyer AFB
USW00094836,"GWINN K I SAWYER AFB, MI US",2026-02-01,11.0,28.0,0.0,,14.0,2026,2,46.3497,-87.3953,Gwinn Sawyer AFB
USW00094836,"GWINN K I SAWYER AFB, MI US",2026-02-02,20.0,23.0,16.0,,19.5,2026,2,46.3497,-87.3953,Gwinn Sawyer AFB
USW00094836,"GWINN K I SAWYER AFB, MI US",2026-02-03,12.0,16.0,9.0,,12.5,2026,2,46.3497,-87.3953,Gwinn Sawyer AFB
USW00094836,"GWINN K I SAWYER AFB, MI US",2026-02-04,10.0,25.0,-6.0,,9.5,2026,2,46.3497,-87.3953,Gwinn Sawyer AFB
USW00094836,"GWINN K I SAWYER AFB, MI US",2026-02-05,20.0,23.0,18.0,,20.5,2026,2,46.3497,-87.3953,Gwinn Sawyer AFB
USW00094836,"GWINN K I SAWYER AFB, MI US",2026-02-06,19.0,28.0,10.0,,19.0,2026,2,46.3497,-87.3953,Gwinn Sawyer AFB
USW00094836,"GWINN K I SAWYER AFB, MI US",2026-02-07,9.0,12.0,7.0,,9.5,2026,2,46.3497,-87.3953,Gwinn Sawyer AFB
USW00094836,"GWINN K I SAWYER AFB, MI US",2026-02-08,11.0,19.0,1.0,,10.0,2026,2,46.3497,-87.3953,Gwinn Sawyer AFB
USW00094836,"GWINN K I SAWYER AFB, MI US",2026-02-09,24.0,32.0,19.0,,25.5,2026,2,46.3497,-87.3953,Gwinn Sawyer AFB
USW00094836,"GWINN K I SAWYER AFB, MI US",2026-02-10,28.0,30.0,25.0,,27.5,2026,2,46.3497,-87.3953,Gwinn Sawyer AFB
USW00094836,"GWINN K I SAWYER AFB, MI US",2026-02-11,21.0,23.0,19.0,,21.0,2026,2,46.3497,-87.3953,Gwinn Sawyer AFB
USW00094836,"GWINN K I SAWYER AFB, MI US",2026-02-12,17.0,32.0,5.0,,18.5,2026,2,46.3497,-87.3953,Gwinn Sawyer AFB
USW00094836,"GWINN K I SAWYER AFB, MI US",2026-02-13,26.0,45.0,14.0,,29.5,2026,2,46.3497,-87.3953,Gwinn Sawyer AFB
USW00094836,"GWINN K I SAWYER AFB, MI US",2026-02-14,25.0,43.0,9.0,,26.0,2026,2,46.3497,-87.3953,Gwinn Sawyer AFB
USW00094836,"GWINN K I SAWYER AFB, MI US",2026-02-15,28.0,36.0,25.0,,30.5,2026,2,46.3497,-87.3953,Gwinn Sawyer AFB
USW00094836,"GWINN K I SAWYER AFB, MI US",2026-02-16,33.0,45.0,28.0,,36.5,2026,2,46.3497,-87.3953,Gwinn Sawyer AFB
USW00094836,"GWINN K I SAWYER AFB, MI US",2026-02-17,26.0,39.0,18.0,,28.5,2026,2,46.3497,-87.3953,Gwinn Sawyer AFB
USW00094836,"GWINN K I SAWYER AFB, MI US",2026-02-18,29.0,30.0,27.0,,28.5,2026,2,46.3497,-87.3953,Gwinn Sawyer AFB
USW00094836,"GWINN K I SAWYER AFB, MI US",2026-02-19,30.0,32.0,28.0,,30.0,2026,2,46.3497,-87.3953,Gwinn Sawyer AFB
USW00094836,"GWINN K I SAWYER AFB, MI US",2026-02-20,30.0,32.0,25.0,,28.5,2026,2,46.3497,-87.3953,Gwinn Sawyer AFB
USW00094836,"GWINN K I SAWYER AFB, MI US",2026-02-21,22.0,23.0,21.0,,22.0,2026,2,46.3497,-87.3953,Gwinn Sawyer AFB
USW00094836,"GWINN K I SAWYER AFB, MI US",2026-02-22,19.0,21.0,18.0,,19.5,2026,2,46.3497,-87.3953,Gwinn Sawyer AFB
USW00094836,"GWINN K I SAWYER AFB, MI US",2026-02-23,13.0,18.0,7.0,,12.5,2026,2,46.3497,-87.3953,Gwinn Sawyer AFB
USW00094836,"GWINN K I SAWYER AFB, MI US",2026-02-24,12.0,23.0,5.0,,14.0,2026,2,46.3497,-87.3953,Gwinn Sawyer AFB
USW00094836,"GWINN K I SAWYER AFB, MI US",2026-02-25,16.0,23.0,9.0,,16.0,2026,2,46.3497,-87.3953,Gwinn Sawyer AFB
USW00094836,"GWINN K I SAWYER AFB, MI US",2026-02-26,11.0,28.0,0.0,,14.0,2026,2,46.3497,-87.3953,Gwinn Sawyer AFB
USW00094836,"GWINN K I SAWYER AFB, MI US",2026-02-27,28.0,48.0,14.0,,31.0,2026,2,46.3497,-87.3953,Gwinn Sawyer AFB
USW00094836,"GWINN K I SAWYER AFB, MI US",2026-02-28,18.0,41.0,9.0,,25.0,2026,2,46.3497,-87.3953,Gwinn Sawyer AFB
USW00094836,"GWINN K I SAWYER AFB, MI US",2026-03-01,8.0,16.0,0.0,,8.0,2026,3,46.3497,-87.3953,Gwinn Sawyer AFB
USW00094836,"GWINN K I SAWYER AFB, MI US",2026-03-02,15.0,34.0,0.0,,17.0,2026,3,46.3497,-87.3953,Gwinn Sawyer AFB
USW00094836,"GWINN K I SAWYER AFB, MI US",2026-03-03,31.0,43.0,21.0,,32.0,2026,3,46.3497,-87.3953,Gwinn Sawyer AFB
USW00094836,"GWINN K I SAWYER AFB, MI US",2026-03-04,35.0,50.0,25.0,,37.5,2026,3,46.3497,-87.3953,Gwinn Sawyer AFB
USW00094836,"GWINN K I SAWYER AFB, MI US",2026-03-05,34.0,39.0,30.0,,34.5,2026,3,46.3497,-87.3953,Gwinn Sawyer AFB
USW00094836,"GWINN K I SAWYER AFB, MI US",2026-03-06,35.0,37.0,32.0,,34.5,2026,3,46.3497,-87.3953,Gwinn Sawyer AFB
USW00094836,"GWINN K I SAWYER AFB, MI US",2026-03-07,35.0,37.0,32.0,,34.5,2026,3,46.3497,-87.3953,Gwinn Sawyer AFB
USW00094836,"GWINN K I SAWYER AFB, MI US",2026-03-08,37.0,52.0,28.0,,40.0,2026,3,46.3497,-87.3953,Gwinn Sawyer AFB
USW00094836,"GWINN K I SAWYER AFB, MI US",2026-03-09,46.0,54.0,37.0,,45.5,2026,3,46.3497,-87.3953,Gwinn Sawyer AFB
USW00094836,"GWINN K I SAWYER AFB, MI US",2026-03-10,28.0,36.0,25.0,,30.5,2026,3,46.3497,-87.3953,Gwinn Sawyer AFB
USW00094836,"GWINN K I SAWYER AFB, MI US",2026-03-11,27.0,28.0,25.0,,26.5,2026,3,46.3497,-87.3953,Gwinn Sawyer AFB
USW00094836,"GWINN K I SAWYER AFB, MI US",2026-03-12,19.0,28.0,10.0,,19.0,2026,3,46.3497,-87.3953,Gwinn Sawyer AFB
USW00094836,"GWINN K I SAWYER AFB, MI US",2026-03-13,26.0,28.0,23.0,,25.5,2026,3,46.3497,-87.3953,Gwinn Sawyer AFB
USW00094836,"GWINN K I SAWYER AFB, MI US",2026-03-14,20.0,32.0,5.0,,18.5,2026,3,46.3497,-87.3953,Gwinn Sawyer AFB
USW00094836,"GWINN K I SAWYER AFB, MI US",2026-03-15,24.0,27.0,23.0,,25.0,2026,3,46.3497,-87.3953,Gwinn Sawyer AFB
USW00094836,"GWINN K I SAWYER AFB, MI US",2026-03-16,18.0,25.0,10.0,,17.5,2026,3,46.3497,-87.3953,Gwinn Sawyer AFB
USW00094836,"GWINN K I SAWYER AFB, MI US",2026-03-23,25.0,30.0,19.0,,24.5,2026,3,46.3497,-87.3953,Gwinn Sawyer AFB
USW00094836,"GWINN K I SAWYER AFB, MI US",2026-03-24,30.0,37.0,25.0,,31.0,2026,3,46.3497,-87.3953,Gwinn Sawyer AFB
USW00094836,"GWINN K I SAWYER AFB, MI US",2026-03-25,35.0,50.0,28.0,,39.0,2026,3,46.3497,-87.3953,Gwinn Sawyer AFB
USW00094836,"GWINN K I SAWYER AFB, MI US",2026-03-26,31.0,39.0,25.0,,32.0,2026,3,46.3497,-87.3953,Gwinn Sawyer AFB
USW00094836,"GWINN K I SAWYER AFB, MI US",2026-03-28,21.0,30.0,12.0,,21.0,2026,3,46.3497,-87.3953,Gwinn Sawyer AFB
USW00094836,"GWINN K I SAWYER AFB, MI US",2026-03-29,32.0,50.0,18.0,,34.0,2026,3,46.3497,-87.3953,Gwinn Sawyer AFB
USW00094836,"GWINN K I SAWYER AFB, MI US",2026-03-30,36.0,43.0,27.0,,35.0,2026,3,46.3497,-87.3953,Gwinn Sawyer AFB
USW00094836,"GWINN K I SAWYER AFB, MI US",2026-03-31,32.0,34.0,28.0,,31.0,2026,3,46.3497,-87.3953,Gwinn Sawyer AFB
USW00094836,"GWINN K I SAWYER AFB, MI US",2026-04-01,24.0,28.0,21.0,,24.5,2026,4,46.3497,-87.3953,Gwinn Sawyer AFB
USW00094836,"GWINN K I SAWYER AFB, MI US",2026-04-02,28.0,32.0,23.0,,27.5,2026,4,46.3497,-87.3953,Gwinn Sawyer AFB
USW00094836,"GWINN K I SAWYER AFB, MI US",2026-04-03,30.0,32.0,28.0,,30.0,2026,4,46.3497,-87.3953,Gwinn Sawyer AFB
USW00094836,"GWINN K I SAWYER AFB, MI US",2026-04-04,31.0,34.0,30.0,,32.0,2026,4,46.3497,-87.3953,Gwinn Sawyer AFB
USC00200342,"ATLANTA, MI US",2026-01-01,,21.0,10.0,,15.5,2026,1,45.0042,-84.1439,Atlanta MI
USC00200342,"ATLANTA, MI US",2026-01-02,,14.0,8.0,,11.0,2026,1,45.0042,-84.1439,Atlanta MI
USC00200342,"ATLANTA, MI US",2026-01-03,,17.0,12.0,,14.5,2026,1,45.0042,-84.1439,Atlanta MI
USC00200342,"ATLANTA, MI US",2026-01-04,,24.0,16.0,21.0,20.0,2026,1,45.0042,-84.1439,Atlanta MI
USC00200342,"ATLANTA, MI US",2026-01-05,,25.0,21.0,25.0,23.0,2026,1,45.0042,-84.1439,Atlanta MI
USC00200342,"ATLANTA, MI US",2026-01-06,,30.0,25.0,29.0,27.5,2026,1,45.0042,-84.1439,Atlanta MI
USC00200342,"ATLANTA, MI US",2026-01-07,,32.0,25.0,32.0,28.5,2026,1,45.0042,-84.1439,Atlanta MI
USC00200342,"ATLANTA, MI US",2026-01-08,,34.0,25.0,32.0,29.5,2026,1,45.0042,-84.1439,Atlanta MI
USC00200342,"ATLANTA, MI US",2026-01-09,,49.0,25.0,,37.0,2026,1,45.0042,-84.1439,Atlanta MI
USC00200342,"ATLANTA, MI US",2026-01-10,,51.0,31.0,,41.0,2026,1,45.0042,-84.1439,Atlanta MI
USC00200342,"ATLANTA, MI US",2026-01-11,,31.0,28.0,,29.5,2026,1,45.0042,-84.1439,Atlanta MI
USC00200342,"ATLANTA, MI US",2026-01-12,,29.0,17.0,29.0,23.0,2026,1,45.0042,-84.1439,Atlanta MI
USC00200342,"ATLANTA, MI US",2026-01-13,,39.0,26.0,32.0,32.5,2026,1,45.0042,-84.1439,Atlanta MI
USC00200342,"ATLANTA, MI US",2026-01-14,,36.0,20.0,20.0,28.0,2026,1,45.0042,-84.1439,Atlanta MI
USC00200342,"ATLANTA, MI US",2026-01-15,,20.0,-4.0,-3.0,8.0,2026,1,45.0042,-84.1439,Atlanta MI
USC00200342,"ATLANTA, MI US",2026-01-16,,14.0,-4.0,,5.0,2026,1,45.0042,-84.1439,Atlanta MI
USC00200342,"ATLANTA, MI US",2026-01-17,,25.0,6.0,,15.5,2026,1,45.0042,-84.1439,Atlanta MI
USC00200342,"ATLANTA, MI US",2026-01-18,,28.0,21.0,,24.5,2026,1,45.0042,-84.1439,Atlanta MI
USC00200342,"ATLANTA, MI US",2026-01-19,,22.0,13.0,,17.5,2026,1,45.0042,-84.1439,Atlanta MI
USC00200342,"ATLANTA, MI US",2026-01-20,,15.0,-1.0,1.0,7.0,2026,1,45.0042,-84.1439,Atlanta MI
USC00200342,"ATLANTA, MI US",2026-01-21,,11.0,1.0,6.0,6.0,2026,1,45.0042,-84.1439,Atlanta MI
USC00200342,"ATLANTA, MI US",2026-01-22,,21.0,6.0,12.0,13.5,2026,1,45.0042,-84.1439,Atlanta MI
USC00200342,"ATLANTA, MI US",2026-01-23,,19.0,3.0,,11.0,2026,1,45.0042,-84.1439,Atlanta MI
USC00200342,"ATLANTA, MI US",2026-01-24,,3.0,-9.0,,-3.0,2026,1,45.0042,-84.1439,Atlanta MI
USC00200342,"ATLANTA, MI US",2026-01-25,,8.0,-17.0,,-4.5,2026,1,45.0042,-84.1439,Atlanta MI
USC00200342,"ATLANTA, MI US",2026-01-26,,13.0,-11.0,7.0,1.0,2026,1,45.0042,-84.1439,Atlanta MI
USC00200342,"ATLANTA, MI US",2026-01-27,,13.0,1.0,5.0,7.0,2026,1,45.0042,-84.1439,Atlanta MI
USC00200342,"ATLANTA, MI US",2026-01-28,,13.0,5.0,8.0,9.0,2026,1,45.0042,-84.1439,Atlanta MI
USC00200342,"ATLANTA, MI US",2026-01-29,,15.0,-14.0,-14.0,0.5,2026,1,45.0042,-84.1439,Atlanta MI
USC00200342,"ATLANTA, MI US",2026-01-30,,9.0,-14.0,,-2.5,2026,1,45.0042,-84.1439,Atlanta MI
USC00200342,"ATLANTA, MI US",2026-01-31,,11.0,-10.0,,0.5,2026,1,45.0042,-84.1439,Atlanta MI
USC00200342,"ATLANTA, MI US",2026-02-01,,19.0,-1.0,,9.0,2026,2,45.0042,-84.1439,Atlanta MI
USC00200342,"ATLANTA, MI US",2026-02-02,,24.0,-12.0,14.0,6.0,2026,2,45.0042,-84.1439,Atlanta MI
USC00200342,"ATLANTA, MI US",2026-02-03,,25.0,13.0,13.0,19.0,2026,2,45.0042,-84.1439,Atlanta MI
USC00200342,"ATLANTA, MI US",2026-02-04,,17.0,9.0,12.0,13.0,2026,2,45.0042,-84.1439,Atlanta MI
USC00200342,"ATLANTA, MI US",2026-02-05,,25.0,9.0,16.0,17.0,2026,2,45.0042,-84.1439,Atlanta MI
USC00200342,"ATLANTA, MI US",2026-02-06,,26.0,16.0,,21.0,2026,2,45.0042,-84.1439,Atlanta MI
USC00200342,"ATLANTA, MI US",2026-02-07,,28.0,8.0,,18.0,2026,2,45.0042,-84.1439,Atlanta MI
USC00200342,"ATLANTA, MI US",2026-02-08,,15.0,-5.0,,5.0,2026,2,45.0042,-84.1439,Atlanta MI
USC00200342,"ATLANTA, MI US",2026-02-09,,20.0,-14.0,11.0,3.0,2026,2,45.0042,-84.1439,Atlanta MI
USC00200342,"ATLANTA, MI US",2026-02-10,,27.0,11.0,24.0,19.0,2026,2,45.0042,-84.1439,Atlanta MI
USC00200342,"ATLANTA, MI US",2026-02-11,,37.0,24.0,24.0,30.5,2026,2,45.0042,-84.1439,Atlanta MI
USC00200342,"ATLANTA, MI US",2026-02-12,,26.0,6.0,13.0,16.0,2026,2,45.0042,-84.1439,Atlanta MI
USC00200342,"ATLANTA, MI US",2026-02-13,,27.0,-4.0,16.0,11.5,2026,2,45.0042,-84.1439,Atlanta MI
USC00200342,"ATLANTA, MI US",2026-02-14,,40.0,-3.0,,18.5,2026,2,45.0042,-84.1439,Atlanta MI
USC00200342,"ATLANTA, MI US",2026-02-15,,39.0,18.0,,28.5,2026,2,45.0042,-84.1439,Atlanta MI
USC00200342,"ATLANTA, MI US",2026-02-16,,48.0,14.0,,31.0,2026,2,45.0042,-84.1439,Atlanta MI
USC00200342,"ATLANTA, MI US",2026-02-17,,46.0,19.0,26.0,32.5,2026,2,45.0042,-84.1439,Atlanta MI
USC00200342,"ATLANTA, MI US",2026-02-18,,46.0,25.0,28.0,35.5,2026,2,45.0042,-84.1439,Atlanta MI
USC00200342,"ATLANTA, MI US",2026-02-19,,31.0,28.0,31.0,29.5,2026,2,45.0042,-84.1439,Atlanta MI
USC00200342,"ATLANTA, MI US",2026-02-21,,34.0,31.0,,32.5,2026,2,45.0042,-84.1439,Atlanta MI
USC00200342,"ATLANTA, MI US",2026-02-22,,32.0,26.0,,29.0,2026,2,45.0042,-84.1439,Atlanta MI
USC00200342,"ATLANTA, MI US",2026-02-23,,31.0,9.0,9.0,20.0,2026,2,45.0042,-84.1439,Atlanta MI
USC00200342,"ATLANTA, MI US",2026-02-24,,18.0,-3.0,4.0,7.5,2026,2,45.0042,-84.1439,Atlanta MI
USC00200342,"ATLANTA, MI US",2026-02-25,,27.0,4.0,21.0,15.5,2026,2,45.0042,-84.1439,Atlanta MI
USC00200342,"ATLANTA, MI US",2026-02-26,,22.0,3.0,5.0,12.5,2026,2,45.0042,-84.1439,Atlanta MI
USC00200342,"ATLANTA, MI US",2026-02-27,,30.0,5.0,29.0,17.5,2026,2,45.0042,-84.1439,Atlanta MI
USC00200342,"ATLANTA, MI US",2026-02-28,,49.0,12.0,,30.5,2026,2,45.0042,-84.1439,Atlanta MI
USC00200342,"ATLANTA, MI US",2026-03-01,,46.0,13.0,,29.5,2026,3,45.0042,-84.1439,Atlanta MI
USC00200342,"ATLANTA, MI US",2026-03-02,,18.0,4.0,,11.0,2026,3,45.0042,-84.1439,Atlanta MI
USC00200342,"ATLANTA, MI US",2026-03-03,,35.0,-4.0,24.0,15.5,2026,3,45.0042,-84.1439,Atlanta MI
USC00200342,"ATLANTA, MI US",2026-03-04,,48.0,21.0,27.0,34.5,2026,3,45.0042,-84.1439,Atlanta MI
USC00200342,"ATLANTA, MI US",2026-03-05,,57.0,21.0,29.0,39.0,2026,3,45.0042,-84.1439,Atlanta MI
USC00200342,"ATLANTA, MI US",2026-03-07,,42.0,32.0,,37.0,2026,3,45.0042,-84.1439,Atlanta MI
USC00200342,"ATLANTA, MI US",2026-03-08,,58.0,31.0,,44.5,2026,3,45.0042,-84.1439,Atlanta MI
USC00200342,"ATLANTA, MI US",2026-03-09,,51.0,29.0,48.0,40.0,2026,3,45.0042,-84.1439,Atlanta MI
USC00200342,"ATLANTA, MI US",2026-03-10,,67.0,29.0,35.0,48.0,2026,3,45.0042,-84.1439,Atlanta MI
USC00200342,"ATLANTA, MI US",2026-03-11,,38.0,26.0,28.0,32.0,2026,3,45.0042,-84.1439,Atlanta MI
USC00200342,"ATLANTA, MI US",2026-03-12,,29.0,20.0,20.0,24.5,2026,3,45.0042,-84.1439,Atlanta MI
USC00200342,"ATLANTA, MI US",2026-03-13,,31.0,15.0,,23.0,2026,3,45.0042,-84.1439,Atlanta MI
USC00200342,"ATLANTA, MI US",2026-03-14,,34.0,14.0,17.0,24.0,2026,3,45.0042,-84.1439,Atlanta MI
USC00200342,"ATLANTA, MI US",2026-03-16,,28.0,23.0,,25.5,2026,3,45.0042,-84.1439,Atlanta MI
USC00200342,"ATLANTA, MI US",2026-03-17,,25.0,5.0,,15.0,2026,3,45.0042,-84.1439,Atlanta MI
USC00200342,"ATLANTA, MI US",2026-03-18,,19.0,3.0,13.0,11.0,2026,3,45.0042,-84.1439,Atlanta MI
USC00200342,"ATLANTA, MI US",2026-03-19,,25.0,3.0,,14.0,2026,3,45.0042,-84.1439,Atlanta MI
USC00200342,"ATLANTA, MI US",2026-03-20,,41.0,25.0,32.0,33.0,2026,3,45.0042,-84.1439,Atlanta MI
USC00200342,"ATLANTA, MI US",2026-03-21,,41.0,30.0,,35.5,2026,3,45.0042,-84.1439,Atlanta MI
USC00200342,"ATLANTA, MI US",2026-03-22,,36.0,31.0,33.0,33.5,2026,3,45.0042,-84.1439,Atlanta MI
USC00200342,"ATLANTA, MI US",2026-03-23,,35.0,23.0,23.0,29.0,2026,3,45.0042,-84.1439,Atlanta MI
USC00200342,"ATLANTA, MI US",2026-03-24,,32.0,14.0,24.0,23.0,2026,3,45.0042,-84.1439,Atlanta MI
USC00200342,"ATLANTA, MI US",2026-03-25,,41.0,22.0,27.0,31.5,2026,3,45.0042,-84.1439,Atlanta MI
USC00200342,"ATLANTA, MI US",2026-03-26,,50.0,27.0,32.0,38.5,2026,3,45.0042,-84.1439,Atlanta MI
USC00200342,"ATLANTA, MI US",2026-03-27,,43.0,24.0,,33.5,2026,3,45.0042,-84.1439,Atlanta MI
USC00200342,"ATLANTA, MI US",2026-03-28,,32.0,14.0,,23.0,2026,3,45.0042,-84.1439,Atlanta MI
USC00200342,"ATLANTA, MI US",2026-03-29,,36.0,16.0,,26.0,2026,3,45.0042,-84.1439,Atlanta MI
USC00200342,"ATLANTA, MI US",2026-03-30,,57.0,23.0,44.0,40.0,2026,3,45.0042,-84.1439,Atlanta MI
USC00200342,"ATLANTA, MI US",2026-03-31,,62.0,36.0,37.0,49.0,2026,3,45.0042,-84.1439,Atlanta MI
USC00200342,"ATLANTA, MI US",2026-04-01,,37.0,25.0,26.0,31.0,2026,4,45.0042,-84.1439,Atlanta MI
USC00200342,"ATLANTA, MI US",2026-04-02,,32.0,23.0,30.0,27.5,2026,4,45.0042,-84.1439,Atlanta MI
USC00200342,"ATLANTA, MI US",2026-04-03,,32.0,23.0,,27.5,2026,4,45.0042,-84.1439,Atlanta MI
USC00200342,"ATLANTA, MI US",2026-04-04,,54.0,31.0,,42.5,2026,4,45.0042,-84.1439,Atlanta MI
USC00200342,"ATLANTA, MI US",2026-04-05,,41.0,31.0,,36.0,2026,4,45.0042,-84.1439,Atlanta MI
USC00200342,"ATLANTA, MI US",2026-04-06,,37.0,26.0,28.0,31.5,2026,4,45.0042,-84.1439,Atlanta MI
USC00200342,"ATLANTA, MI US",2026-04-07,,43.0,14.0,15.0,28.5,2026,4,45.0042,-84.1439,Atlanta MI
USC00200230,"ANN ARBOR U OF MICH, MI US",2026-01-01,,25.0,7.0,19.0,16.0,2026,1,42.2808,-83.743,Ann Arbor UMich
USC00200230,"ANN ARBOR U OF MICH, MI US",2026-01-02,,23.0,18.0,18.0,20.5,2026,1,42.2808,-83.743,Ann Arbor UMich
USC00200230,"ANN ARBOR U OF MICH, MI US",2026-01-03,,24.0,7.0,24.0,15.5,2026,1,42.2808,-83.743,Ann Arbor UMich
USC00200230,"ANN ARBOR U OF MICH, MI US",2026-01-04,,28.0,23.0,25.0,25.5,2026,1,42.2808,-83.743,Ann Arbor UMich
USC00200230,"ANN ARBOR U OF MICH, MI US",2026-01-05,,38.0,25.0,31.0,31.5,2026,1,42.2808,-83.743,Ann Arbor UMich
USC00200230,"ANN ARBOR U OF MICH, MI US",2026-01-06,,36.0,26.0,35.0,31.0,2026,1,42.2808,-83.743,Ann Arbor UMich
USC00200230,"ANN ARBOR U OF MICH, MI US",2026-01-07,,40.0,34.0,39.0,37.0,2026,1,42.2808,-83.743,Ann Arbor UMich
USC00200230,"ANN ARBOR U OF MICH, MI US",2026-01-08,,52.0,30.0,47.0,41.0,2026,1,42.2808,-83.743,Ann Arbor UMich
USC00200230,"ANN ARBOR U OF MICH, MI US",2026-01-09,,60.0,40.0,40.0,50.0,2026,1,42.2808,-83.743,Ann Arbor UMich
USC00200230,"ANN ARBOR U OF MICH, MI US",2026-01-10,,40.0,27.0,33.0,33.5,2026,1,42.2808,-83.743,Ann Arbor UMich
USC00200230,"ANN ARBOR U OF MICH, MI US",2026-01-11,,33.0,24.0,29.0,28.5,2026,1,42.2808,-83.743,Ann Arbor UMich
USC00200230,"ANN ARBOR U OF MICH, MI US",2026-01-12,,37.0,24.0,33.0,30.5,2026,1,42.2808,-83.743,Ann Arbor UMich
USC00200230,"ANN ARBOR U OF MICH, MI US",2026-01-13,,44.0,25.0,41.0,34.5,2026,1,42.2808,-83.743,Ann Arbor UMich
USC00200230,"ANN ARBOR U OF MICH, MI US",2026-01-14,,41.0,18.0,18.0,29.5,2026,1,42.2808,-83.743,Ann Arbor UMich
USC00200230,"ANN ARBOR U OF MICH, MI US",2026-01-15,,20.0,9.0,15.0,14.5,2026,1,42.2808,-83.743,Ann Arbor UMich
USC00200230,"ANN ARBOR U OF MICH, MI US",2026-01-16,,27.0,5.0,27.0,16.0,2026,1,42.2808,-83.743,Ann Arbor UMich
USC00200230,"ANN ARBOR U OF MICH, MI US",2026-01-17,,32.0,17.0,17.0,24.5,2026,1,42.2808,-83.743,Ann Arbor UMich
USC00200230,"ANN ARBOR U OF MICH, MI US",2026-01-18,,21.0,10.0,15.0,15.5,2026,1,42.2808,-83.743,Ann Arbor UMich
USC00200230,"ANN ARBOR U OF MICH, MI US",2026-01-19,,17.0,11.0,11.0,14.0,2026,1,42.2808,-83.743,Ann Arbor UMich
USC00200230,"ANN ARBOR U OF MICH, MI US",2026-01-20,,17.0,-2.0,12.0,7.5,2026,1,42.2808,-83.743,Ann Arbor UMich
USC00200230,"ANN ARBOR U OF MICH, MI US",2026-01-21,,31.0,-1.0,30.0,15.0,2026,1,42.2808,-83.743,Ann Arbor UMich
USC00200230,"ANN ARBOR U OF MICH, MI US",2026-01-22,,30.0,18.0,18.0,24.0,2026,1,42.2808,-83.743,Ann Arbor UMich
USC00200230,"ANN ARBOR U OF MICH, MI US",2026-01-23,,18.0,-1.0,-1.0,8.5,2026,1,42.2808,-83.743,Ann Arbor UMich
USC00200230,"ANN ARBOR U OF MICH, MI US",2026-01-24,,7.0,-18.0,5.0,-5.5,2026,1,42.2808,-83.743,Ann Arbor UMich
USC00200230,"ANN ARBOR U OF MICH, MI US",2026-01-25,,14.0,4.0,13.0,9.0,2026,1,42.2808,-83.743,Ann Arbor UMich
USC00200230,"ANN ARBOR U OF MICH, MI US",2026-01-26,,19.0,10.0,14.0,14.5,2026,1,42.2808,-83.743,Ann Arbor UMich
USC00200230,"ANN ARBOR U OF MICH, MI US",2026-01-27,,18.0,-1.0,11.0,8.5,2026,1,42.2808,-83.743,Ann Arbor UMich
USC00200230,"ANN ARBOR U OF MICH, MI US",2026-01-28,,17.0,-7.0,13.0,5.0,2026,1,42.2808,-83.743,Ann Arbor UMich
USC00200230,"ANN ARBOR U OF MICH, MI US",2026-01-29,,15.0,-2.0,13.0,6.5,2026,1,42.2808,-83.743,Ann Arbor UMich
USC00200230,"ANN ARBOR U OF MICH, MI US",2026-01-30,,17.0,-5.0,11.0,6.0,2026,1,42.2808,-83.743,Ann Arbor UMich
USC00200230,"ANN ARBOR U OF MICH, MI US",2026-01-31,,17.0,1.0,15.0,9.0,2026,1,42.2808,-83.743,Ann Arbor UMich
USC00200230,"ANN ARBOR U OF MICH, MI US",2026-02-01,,29.0,-6.0,22.0,11.5,2026,2,42.2808,-83.743,Ann Arbor UMich
USC00200230,"ANN ARBOR U OF MICH, MI US",2026-02-02,,23.0,-4.0,22.0,9.5,2026,2,42.2808,-83.743,Ann Arbor UMich
USC00200230,"ANN ARBOR U OF MICH, MI US",2026-02-03,,27.0,22.0,22.0,24.5,2026,2,42.2808,-83.743,Ann Arbor UMich
USC00200230,"ANN ARBOR U OF MICH, MI US",2026-02-04,,22.0,5.0,18.0,13.5,2026,2,42.2808,-83.743,Ann Arbor UMich
USC00200230,"ANN ARBOR U OF MICH, MI US",2026-02-05,,23.0,-4.0,20.0,9.5,2026,2,42.2808,-83.743,Ann Arbor UMich
USC00200230,"ANN ARBOR U OF MICH, MI US",2026-02-06,,32.0,18.0,26.0,25.0,2026,2,42.2808,-83.743,Ann Arbor UMich
USC00200230,"ANN ARBOR U OF MICH, MI US",2026-02-07,,26.0,9.0,17.0,17.5,2026,2,42.2808,-83.743,Ann Arbor UMich
USC00200230,"ANN ARBOR U OF MICH, MI US",2026-02-08,,23.0,-3.0,17.0,10.0,2026,2,42.2808,-83.743,Ann Arbor UMich
USC00200230,"ANN ARBOR U OF MICH, MI US",2026-02-09,,28.0,-3.0,24.0,12.5,2026,2,42.2808,-83.743,Ann Arbor UMich
USC00200230,"ANN ARBOR U OF MICH, MI US",2026-02-10,,47.0,17.0,39.0,32.0,2026,2,42.2808,-83.743,Ann Arbor UMich
USC00200230,"ANN ARBOR U OF MICH, MI US",2026-02-11,,39.0,29.0,29.0,34.0,2026,2,42.2808,-83.743,Ann Arbor UMich
USC00200230,"ANN ARBOR U OF MICH, MI US",2026-02-12,,32.0,20.0,28.0,26.0,2026,2,42.2808,-83.743,Ann Arbor UMich
USC00200230,"ANN ARBOR U OF MICH, MI US",2026-02-13,,40.0,5.0,35.0,22.5,2026,2,42.2808,-83.743,Ann Arbor UMich
USC00200230,"ANN ARBOR U OF MICH, MI US",2026-02-14,,53.0,20.0,41.0,36.5,2026,2,42.2808,-83.743,Ann Arbor UMich
USC00200230,"ANN ARBOR U OF MICH, MI US",2026-02-15,,51.0,21.0,43.0,36.0,2026,2,42.2808,-83.743,Ann Arbor UMich
USC00200230,"ANN ARBOR U OF MICH, MI US",2026-02-16,,51.0,22.0,44.0,36.5,2026,2,42.2808,-83.743,Ann Arbor UMich
USC00200230,"ANN ARBOR U OF MICH, MI US",2026-02-17,,56.0,32.0,48.0,44.0,2026,2,42.2808,-83.743,Ann Arbor UMich
USC00200230,"ANN ARBOR U OF MICH, MI US",2026-02-18,,64.0,36.0,59.0,50.0,2026,2,42.2808,-83.743,Ann Arbor UMich
USC00200230,"ANN ARBOR U OF MICH, MI US",2026-02-19,,59.0,32.0,36.0,45.5,2026,2,42.2808,-83.743,Ann Arbor UMich
USC00200230,"ANN ARBOR U OF MICH, MI US",2026-02-20,,41.0,32.0,32.0,36.5,2026,2,42.2808,-83.743,Ann Arbor UMich
USC00200230,"ANN ARBOR U OF MICH, MI US",2026-02-21,,33.0,31.0,31.0,32.0,2026,2,42.2808,-83.743,Ann Arbor UMich
USC00200230,"ANN ARBOR U OF MICH, MI US",2026-02-22,,31.0,26.0,29.0,28.5,2026,2,42.2808,-83.743,Ann Arbor UMich
USC00200230,"ANN ARBOR U OF MICH, MI US",2026-02-23,,29.0,21.0,24.0,25.0,2026,2,42.2808,-83.743,Ann Arbor UMich
USC00200230,"ANN ARBOR U OF MICH, MI US",2026-02-24,,33.0,13.0,31.0,23.0,2026,2,42.2808,-83.743,Ann Arbor UMich
USC00200230,"ANN ARBOR U OF MICH, MI US",2026-02-25,,35.0,25.0,25.0,30.0,2026,2,42.2808,-83.743,Ann Arbor UMich
USC00200230,"ANN ARBOR U OF MICH, MI US",2026-02-26,,34.0,8.0,32.0,21.0,2026,2,42.2808,-83.743,Ann Arbor UMich
USC00200230,"ANN ARBOR U OF MICH, MI US",2026-02-27,,56.0,19.0,52.0,37.5,2026,2,42.2808,-83.743,Ann Arbor UMich
USC00200230,"ANN ARBOR U OF MICH, MI US",2026-02-28,,52.0,34.0,34.0,43.0,2026,2,42.2808,-83.743,Ann Arbor UMich
USC00200230,"ANN ARBOR U OF MICH, MI US",2026-03-01,,34.0,15.0,27.0,24.5,2026,3,42.2808,-83.743,Ann Arbor UMich
USC00200230,"ANN ARBOR U OF MICH, MI US",2026-03-02,,36.0,10.0,31.0,23.0,2026,3,42.2808,-83.743,Ann Arbor UMich
USC00200230,"ANN ARBOR U OF MICH, MI US",2026-03-03,,38.0,17.0,36.0,27.5,2026,3,42.2808,-83.743,Ann Arbor UMich
USC00200230,"ANN ARBOR U OF MICH, MI US",2026-03-04,,49.0,22.0,43.0,35.5,2026,3,42.2808,-83.743,Ann Arbor UMich
USC00200230,"ANN ARBOR U OF MICH, MI US",2026-03-05,,44.0,35.0,42.0,39.5,2026,3,42.2808,-83.743,Ann Arbor UMich
USC00200230,"ANN ARBOR U OF MICH, MI US",2026-03-06,,47.0,35.0,46.0,41.0,2026,3,42.2808,-83.743,Ann Arbor UMich
USC00200230,"ANN ARBOR U OF MICH, MI US",2026-03-07,,65.0,46.0,,55.5,2026,3,42.2808,-83.743,Ann Arbor UMich
USC00200230,"ANN ARBOR U OF MICH, MI US",2026-03-08,,62.0,38.0,58.0,50.0,2026,3,42.2808,-83.743,Ann Arbor UMich
USC00200230,"ANN ARBOR U OF MICH, MI US",2026-03-09,,71.0,40.0,70.0,55.5,2026,3,42.2808,-83.743,Ann Arbor UMich
USC00200230,"ANN ARBOR U OF MICH, MI US",2026-03-10,,76.0,53.0,70.0,64.5,2026,3,42.2808,-83.743,Ann Arbor UMich
USC00200230,"ANN ARBOR U OF MICH, MI US",2026-03-11,,70.0,41.0,41.0,55.5,2026,3,42.2808,-83.743,Ann Arbor UMich
USC00200230,"ANN ARBOR U OF MICH, MI US",2026-03-12,,42.0,24.0,41.0,33.0,2026,3,42.2808,-83.743,Ann Arbor UMich
USC00200230,"ANN ARBOR U OF MICH, MI US",2026-03-13,,50.0,24.0,38.0,37.0,2026,3,42.2808,-83.743,Ann Arbor UMich
USC00200230,"ANN ARBOR U OF MICH, MI US",2026-03-14,,40.0,26.0,39.0,33.0,2026,3,42.2808,-83.743,Ann Arbor UMich
USC00200230,"ANN ARBOR U OF MICH, MI US",2026-03-15,,69.0,32.0,68.0,50.5,2026,3,42.2808,-83.743,Ann Arbor UMich
USC00200230,"ANN ARBOR U OF MICH, MI US",2026-03-16,,70.0,28.0,29.0,49.0,2026,3,42.2808,-83.743,Ann Arbor UMich
USC00200230,"ANN ARBOR U OF MICH, MI US",2026-03-17,,29.0,16.0,23.0,22.5,2026,3,42.2808,-83.743,Ann Arbor UMich
USC00200230,"ANN ARBOR U OF MICH, MI US",2026-03-18,,31.0,11.0,31.0,21.0,2026,3,42.2808,-83.743,Ann Arbor UMich
USC00200230,"ANN ARBOR U OF MICH, MI US",2026-03-19,,55.0,27.0,53.0,41.0,2026,3,42.2808,-83.743,Ann Arbor UMich
USC00200230,"ANN ARBOR U OF MICH, MI US",2026-03-20,,73.0,31.0,65.0,52.0,2026,3,42.2808,-83.743,Ann Arbor UMich
USC00200230,"ANN ARBOR U OF MICH, MI US",2026-03-21,,65.0,34.0,44.0,49.5,2026,3,42.2808,-83.743,Ann Arbor UMich
USC00200230,"ANN ARBOR U OF MICH, MI US",2026-03-22,,58.0,33.0,39.0,45.5,2026,3,42.2808,-83.743,Ann Arbor UMich
USC00200230,"ANN ARBOR U OF MICH, MI US",2026-03-23,,39.0,30.0,35.0,34.5,2026,3,42.2808,-83.743,Ann Arbor UMich
USC00200230,"ANN ARBOR U OF MICH, MI US",2026-03-24,,44.0,15.0,43.0,29.5,2026,3,42.2808,-83.743,Ann Arbor UMich
USC00200230,"ANN ARBOR U OF MICH, MI US",2026-03-25,,63.0,27.0,62.0,45.0,2026,3,42.2808,-83.743,Ann Arbor UMich
USC00200230,"ANN ARBOR U OF MICH, MI US",2026-03-26,,69.0,42.0,48.0,55.5,2026,3,42.2808,-83.743,Ann Arbor UMich
USC00200230,"ANN ARBOR U OF MICH, MI US",2026-03-27,,48.0,27.0,37.0,37.5,2026,3,42.2808,-83.743,Ann Arbor UMich
USC00200230,"ANN ARBOR U OF MICH, MI US",2026-03-28,,43.0,21.0,42.0,32.0,2026,3,42.2808,-83.743,Ann Arbor UMich
USC00200230,"ANN ARBOR U OF MICH, MI US",2026-03-29,,55.0,26.0,55.0,40.5,2026,3,42.2808,-83.743,Ann Arbor UMich
USC00200230,"ANN ARBOR U OF MICH, MI US",2026-03-30,,73.0,37.0,72.0,55.0,2026,3,42.2808,-83.743,Ann Arbor UMich
USC00200230,"ANN ARBOR U OF MICH, MI US",2026-03-31,,75.0,62.0,66.0,68.5,2026,3,42.2808,-83.743,Ann Arbor UMich
USC00200230,"ANN ARBOR U OF MICH, MI US",2026-04-01,,66.0,35.0,39.0,50.5,2026,4,42.2808,-83.743,Ann Arbor UMich
USC00200230,"ANN ARBOR U OF MICH, MI US",2026-04-02,,51.0,33.0,,42.0,2026,4,42.2808,-83.743,Ann Arbor UMich
USC00200230,"ANN ARBOR U OF MICH, MI US",2026-04-03,,69.0,51.0,63.0,60.0,2026,4,42.2808,-83.743,Ann Arbor UMich
USC00200230,"ANN ARBOR U OF MICH, MI US",2026-04-04,,64.0,38.0,58.0,51.0,2026,4,42.2808,-83.743,Ann Arbor UMich
USC00200230,"ANN ARBOR U OF MICH, MI US",2026-04-05,,58.0,38.0,41.0,48.0,2026,4,42.2808,-83.743,Ann Arbor UMich
USC00200230,"ANN ARBOR U OF MICH, MI US",2026-04-06,,51.0,28.0,45.0,39.5,2026,4,42.2808,-83.743,Ann Arbor UMich
USC00200230,"ANN ARBOR U OF MICH, MI US",2026-04-07,,45.0,20.0,37.0,32.5,2026,4,42.2808,-83.743,Ann Arbor UMich
USC00200718,"BERGLAND DAM, MI US",2026-01-01,,14.0,3.0,4.0,8.5,2026,1,46.5883,-89.5728,Bergland Dam
USC00200718,"BERGLAND DAM, MI US",2026-01-02,,7.0,3.0,3.0,5.0,2026,1,46.5883,-89.5728,Bergland Dam
USC00200718,"BERGLAND DAM, MI US",2026-01-03,,9.0,1.0,7.0,5.0,2026,1,46.5883,-89.5728,Bergland Dam
USC00200718,"BERGLAND DAM, MI US",2026-01-04,,15.0,7.0,13.0,11.0,2026,1,46.5883,-89.5728,Bergland Dam
USC00200718,"BERGLAND DAM, MI US",2026-01-05,,21.0,12.0,21.0,16.5,2026,1,46.5883,-89.5728,Bergland Dam
USC00200718,"BERGLAND DAM, MI US",2026-01-06,,26.0,21.0,24.0,23.5,2026,1,46.5883,-89.5728,Bergland Dam
USC00200718,"BERGLAND DAM, MI US",2026-01-07,,29.0,24.0,25.0,26.5,2026,1,46.5883,-89.5728,Bergland Dam
USC00200718,"BERGLAND DAM, MI US",2026-01-08,,31.0,25.0,26.0,28.0,2026,1,46.5883,-89.5728,Bergland Dam
USC00200718,"BERGLAND DAM, MI US",2026-01-09,,28.0,26.0,28.0,27.0,2026,1,46.5883,-89.5728,Bergland Dam
USC00200718,"BERGLAND DAM, MI US",2026-01-13,,33.0,30.0,31.0,31.5,2026,1,46.5883,-89.5728,Bergland Dam
USC00200718,"BERGLAND DAM, MI US",2026-01-14,,32.0,7.0,8.0,19.5,2026,1,46.5883,-89.5728,Bergland Dam
USC00200718,"BERGLAND DAM, MI US",2026-01-15,,12.0,4.0,4.0,8.0,2026,1,46.5883,-89.5728,Bergland Dam
USC00200718,"BERGLAND DAM, MI US",2026-01-16,,18.0,4.0,17.0,11.0,2026,1,46.5883,-89.5728,Bergland Dam
USC00200718,"BERGLAND DAM, MI US",2026-01-17,,24.0,16.0,20.0,20.0,2026,1,46.5883,-89.5728,Bergland Dam
USC00200718,"BERGLAND DAM, MI US",2026-01-18,,20.0,4.0,4.0,12.0,2026,1,46.5883,-89.5728,Bergland Dam
USC00200718,"BERGLAND DAM, MI US",2026-01-19,,9.0,0.0,0.0,4.5,2026,1,46.5883,-89.5728,Bergland Dam
USC00200718,"BERGLAND DAM, MI US",2026-01-20,,1.0,-15.0,-15.0,-7.0,2026,1,46.5883,-89.5728,Bergland Dam
USC00200718,"BERGLAND DAM, MI US",2026-01-21,,5.0,-15.0,1.0,-5.0,2026,1,46.5883,-89.5728,Bergland Dam
USC00200718,"BERGLAND DAM, MI US",2026-01-22,,12.0,-4.0,-4.0,4.0,2026,1,46.5883,-89.5728,Bergland Dam
USC00200718,"BERGLAND DAM, MI US",2026-01-23,,0.0,-22.0,-22.0,-11.0,2026,1,46.5883,-89.5728,Bergland Dam
USC00200718,"BERGLAND DAM, MI US",2026-01-24,,-12.0,-31.0,-31.0,-21.5,2026,1,46.5883,-89.5728,Bergland Dam
USC00200718,"BERGLAND DAM, MI US",2026-01-25,,-3.0,-32.0,-32.0,-17.5,2026,1,46.5883,-89.5728,Bergland Dam
USC00200718,"BERGLAND DAM, MI US",2026-01-26,,6.0,-32.0,-18.0,-13.0,2026,1,46.5883,-89.5728,Bergland Dam
USC00200718,"BERGLAND DAM, MI US",2026-01-27,,5.0,-19.0,-1.0,-7.0,2026,1,46.5883,-89.5728,Bergland Dam
USC00200718,"BERGLAND DAM, MI US",2026-01-28,,5.0,-3.0,-2.0,1.0,2026,1,46.5883,-89.5728,Bergland Dam
USC00200718,"BERGLAND DAM, MI US",2026-01-29,,8.0,-2.0,-1.0,3.0,2026,1,46.5883,-89.5728,Bergland Dam
USC00200718,"BERGLAND DAM, MI US",2026-01-30,,8.0,-11.0,-5.0,-1.5,2026,1,46.5883,-89.5728,Bergland Dam
USC00200718,"BERGLAND DAM, MI US",2026-01-31,,13.0,-5.0,12.0,4.0,2026,1,46.5883,-89.5728,Bergland Dam
USC00200718,"BERGLAND DAM, MI US",2026-02-01,,19.0,-3.0,13.0,8.0,2026,2,46.5883,-89.5728,Bergland Dam
USC00200718,"BERGLAND DAM, MI US",2026-02-02,,25.0,13.0,17.0,19.0,2026,2,46.5883,-89.5728,Bergland Dam
USC00200718,"BERGLAND DAM, MI US",2026-02-03,,17.0,8.0,8.0,12.5,2026,2,46.5883,-89.5728,Bergland Dam
USC00200718,"BERGLAND DAM, MI US",2026-02-04,,14.0,-12.0,-6.0,1.0,2026,2,46.5883,-89.5728,Bergland Dam
USC00200718,"BERGLAND DAM, MI US",2026-02-05,,20.0,-6.0,19.0,7.0,2026,2,46.5883,-89.5728,Bergland Dam
USC00200718,"BERGLAND DAM, MI US",2026-02-06,,30.0,19.0,19.0,24.5,2026,2,46.5883,-89.5728,Bergland Dam
USC00200718,"BERGLAND DAM, MI US",2026-02-07,,19.0,-4.0,-4.0,7.5,2026,2,46.5883,-89.5728,Bergland Dam
USC00200718,"BERGLAND DAM, MI US",2026-02-08,,15.0,-4.0,13.0,5.5,2026,2,46.5883,-89.5728,Bergland Dam
USC00200718,"BERGLAND DAM, MI US",2026-02-09,,25.0,13.0,25.0,19.0,2026,2,46.5883,-89.5728,Bergland Dam
USC00200718,"BERGLAND DAM, MI US",2026-02-10,,34.0,23.0,25.0,28.5,2026,2,46.5883,-89.5728,Bergland Dam
USC00200718,"BERGLAND DAM, MI US",2026-02-11,,25.0,17.0,18.0,21.0,2026,2,46.5883,-89.5728,Bergland Dam
USC00200718,"BERGLAND DAM, MI US",2026-02-12,,23.0,-7.0,-6.0,8.0,2026,2,46.5883,-89.5728,Bergland Dam
USC00200718,"BERGLAND DAM, MI US",2026-02-13,,35.0,-6.0,24.0,14.5,2026,2,46.5883,-89.5728,Bergland Dam
USC00200718,"BERGLAND DAM, MI US",2026-02-14,,46.0,10.0,10.0,28.0,2026,2,46.5883,-89.5728,Bergland Dam
USC00200718,"BERGLAND DAM, MI US",2026-02-15,,48.0,10.0,21.0,29.0,2026,2,46.5883,-89.5728,Bergland Dam
USC00200718,"BERGLAND DAM, MI US",2026-02-16,,47.0,21.0,31.0,34.0,2026,2,46.5883,-89.5728,Bergland Dam
USC00200718,"BERGLAND DAM, MI US",2026-02-17,,46.0,16.0,16.0,31.0,2026,2,46.5883,-89.5728,Bergland Dam
USC00200718,"BERGLAND DAM, MI US",2026-02-18,,46.0,15.0,30.0,30.5,2026,2,46.5883,-89.5728,Bergland Dam
USC00200718,"BERGLAND DAM, MI US",2026-02-19,,32.0,25.0,25.0,28.5,2026,2,46.5883,-89.5728,Bergland Dam
USC00200718,"BERGLAND DAM, MI US",2026-02-20,,32.0,25.0,28.0,28.5,2026,2,46.5883,-89.5728,Bergland Dam
USC00200718,"BERGLAND DAM, MI US",2026-02-21,,28.0,19.0,20.0,23.5,2026,2,46.5883,-89.5728,Bergland Dam
USC00200718,"BERGLAND DAM, MI US",2026-02-22,,22.0,15.0,15.0,18.5,2026,2,46.5883,-89.5728,Bergland Dam
USC00200718,"BERGLAND DAM, MI US",2026-02-23,,17.0,7.0,7.0,12.0,2026,2,46.5883,-89.5728,Bergland Dam
USC00200718,"BERGLAND DAM, MI US",2026-02-24,,15.0,7.0,15.0,11.0,2026,2,46.5883,-89.5728,Bergland Dam
USC00200718,"BERGLAND DAM, MI US",2026-02-25,,23.0,4.0,4.0,13.5,2026,2,46.5883,-89.5728,Bergland Dam
USC00200718,"BERGLAND DAM, MI US",2026-02-26,,13.0,-8.0,6.0,2.5,2026,2,46.5883,-89.5728,Bergland Dam
USC00200718,"BERGLAND DAM, MI US",2026-02-27,,29.0,6.0,10.0,17.5,2026,2,46.5883,-89.5728,Bergland Dam
USC00200718,"BERGLAND DAM, MI US",2026-02-28,,45.0,10.0,11.0,27.5,2026,2,46.5883,-89.5728,Bergland Dam
USC00200718,"BERGLAND DAM, MI US",2026-03-01,,18.0,-2.0,5.0,8.0,2026,3,46.5883,-89.5728,Bergland Dam
USC00200718,"BERGLAND DAM, MI US",2026-03-02,,16.0,-5.0,8.0,5.5,2026,3,46.5883,-89.5728,Bergland Dam
USC00200718,"BERGLAND DAM, MI US",2026-03-03,,39.0,8.0,32.0,23.5,2026,3,46.5883,-89.5728,Bergland Dam
USC00200718,"BERGLAND DAM, MI US",2026-03-04,,46.0,22.0,28.0,34.0,2026,3,46.5883,-89.5728,Bergland Dam
USC00200718,"BERGLAND DAM, MI US",2026-03-11,,44.0,24.0,26.0,34.0,2026,3,46.5883,-89.5728,Bergland Dam
USC00200718,"BERGLAND DAM, MI US",2026-03-12,,30.0,6.0,6.0,18.0,2026,3,46.5883,-89.5728,Bergland Dam
USC00200718,"BERGLAND DAM, MI US",2026-03-13,,33.0,6.0,27.0,19.5,2026,3,46.5883,-89.5728,Bergland Dam
USC00200718,"BERGLAND DAM, MI US",2026-03-14,,27.0,10.0,10.0,18.5,2026,3,46.5883,-89.5728,Bergland Dam
USC00200718,"BERGLAND DAM, MI US",2026-03-15,,32.0,8.0,23.0,20.0,2026,3,46.5883,-89.5728,Bergland Dam
USC00200718,"BERGLAND DAM, MI US",2026-03-16,,27.0,11.0,11.0,19.0,2026,3,46.5883,-89.5728,Bergland Dam
USC00200718,"BERGLAND DAM, MI US",2026-03-17,,14.0,7.0,7.0,10.5,2026,3,46.5883,-89.5728,Bergland Dam
USC00200718,"BERGLAND DAM, MI US",2026-03-18,,19.0,7.0,15.0,13.0,2026,3,46.5883,-89.5728,Bergland Dam
USC00200718,"BERGLAND DAM, MI US",2026-03-19,,32.0,14.0,27.0,23.0,2026,3,46.5883,-89.5728,Bergland Dam
USC00200718,"BERGLAND DAM, MI US",2026-03-20,,46.0,27.0,36.0,36.5,2026,3,46.5883,-89.5728,Bergland Dam
USC00200718,"BERGLAND DAM, MI US",2026-03-21,,49.0,30.0,34.0,39.5,2026,3,46.5883,-89.5728,Bergland Dam
USC00200718,"BERGLAND DAM, MI US",2026-03-22,,57.0,20.0,20.0,38.5,2026,3,46.5883,-89.5728,Bergland Dam
USC00200718,"BERGLAND DAM, MI US",2026-03-23,,23.0,15.0,18.0,19.0,2026,3,46.5883,-89.5728,Bergland Dam
USC00200718,"BERGLAND DAM, MI US",2026-03-24,,39.0,18.0,32.0,28.5,2026,3,46.5883,-89.5728,Bergland Dam
USC00200718,"BERGLAND DAM, MI US",2026-03-28,,25.0,9.0,9.0,17.0,2026,3,46.5883,-89.5728,Bergland Dam
USC00200718,"BERGLAND DAM, MI US",2026-03-29,,41.0,8.0,17.0,24.5,2026,3,46.5883,-89.5728,Bergland Dam
USC00200718,"BERGLAND DAM, MI US",2026-03-30,,58.0,17.0,25.0,37.5,2026,3,46.5883,-89.5728,Bergland Dam
USC00200718,"BERGLAND DAM, MI US",2026-03-31,,48.0,25.0,29.0,36.5,2026,3,46.5883,-89.5728,Bergland Dam
USC00200718,"BERGLAND DAM, MI US",2026-04-01,,35.0,23.0,24.0,29.0,2026,4,46.5883,-89.5728,Bergland Dam
USC00200718,"BERGLAND DAM, MI US",2026-04-02,,35.0,24.0,27.0,29.5,2026,4,46.5883,-89.5728,Bergland Dam
USC00200718,"BERGLAND DAM, MI US",2026-04-03,,31.0,26.0,26.0,28.5,2026,4,46.5883,-89.5728,Bergland Dam
USC00200718,"BERGLAND DAM, MI US",2026-04-04,,40.0,26.0,30.0,33.0,2026,4,46.5883,-89.5728,Bergland Dam
USC00200718,"BERGLAND DAM, MI US",2026-04-05,,36.0,25.0,25.0,30.5,2026,4,46.5883,-89.5728,Bergland Dam
USC00200718,"BERGLAND DAM, MI US",2026-04-06,,43.0,25.0,30.0,34.0,2026,4,46.5883,-89.5728,Bergland Dam
USC00200718,"BERGLAND DAM, MI US",2026-04-07,,30.0,-2.0,0.0,14.0,2026,4,46.5883,-89.5728,Bergland Dam
USC00200417,"BAD AXE, MI US",2026-01-01,,22.0,11.0,11.0,16.5,2026,1,43.8014,-83.0008,Bad Axe
USC00200417,"BAD AXE, MI US",2026-01-02,,16.0,11.0,16.0,13.5,2026,1,43.8014,-83.0008,Bad Axe
USC00200417,"BAD AXE, MI US",2026-01-03,,19.0,14.0,17.0,16.5,2026,1,43.8014,-83.0008,Bad Axe
USC00200417,"BAD AXE, MI US",2026-01-04,,23.0,16.0,22.0,19.5,2026,1,43.8014,-83.0008,Bad Axe
USC00200417,"BAD AXE, MI US",2026-01-05,,27.0,22.0,27.0,24.5,2026,1,43.8014,-83.0008,Bad Axe
USC00200417,"BAD AXE, MI US",2026-01-06,,33.0,25.0,32.0,29.0,2026,1,43.8014,-83.0008,Bad Axe
USC00200417,"BAD AXE, MI US",2026-01-07,,35.0,32.0,33.0,33.5,2026,1,43.8014,-83.0008,Bad Axe
USC00200417,"BAD AXE, MI US",2026-01-08,,36.0,33.0,33.0,34.5,2026,1,43.8014,-83.0008,Bad Axe
USC00200417,"BAD AXE, MI US",2026-01-09,,50.0,33.0,50.0,41.5,2026,1,43.8014,-83.0008,Bad Axe
USC00200417,"BAD AXE, MI US",2026-01-10,,56.0,27.0,29.0,41.5,2026,1,43.8014,-83.0008,Bad Axe
USC00200417,"BAD AXE, MI US",2026-01-11,,33.0,23.0,25.0,28.0,2026,1,43.8014,-83.0008,Bad Axe
USC00200417,"BAD AXE, MI US",2026-01-12,,30.0,21.0,28.0,25.5,2026,1,43.8014,-83.0008,Bad Axe
USC00200417,"BAD AXE, MI US",2026-01-13,,34.0,27.0,29.0,30.5,2026,1,43.8014,-83.0008,Bad Axe
USC00200417,"BAD AXE, MI US",2026-01-14,,42.0,29.0,35.0,35.5,2026,1,43.8014,-83.0008,Bad Axe
USC00200417,"BAD AXE, MI US",2026-01-15,,36.0,9.0,9.0,22.5,2026,1,43.8014,-83.0008,Bad Axe
USC00200417,"BAD AXE, MI US",2026-01-16,,17.0,1.0,16.0,9.0,2026,1,43.8014,-83.0008,Bad Axe
USC00200417,"BAD AXE, MI US",2026-01-17,,32.0,16.0,27.0,24.0,2026,1,43.8014,-83.0008,Bad Axe
USC00200417,"BAD AXE, MI US",2026-01-18,,28.0,13.0,15.0,20.5,2026,1,43.8014,-83.0008,Bad Axe
USC00200417,"BAD AXE, MI US",2026-01-19,,19.0,13.0,15.0,16.0,2026,1,43.8014,-83.0008,Bad Axe
USC00200417,"BAD AXE, MI US",2026-01-20,,19.0,3.0,3.0,11.0,2026,1,43.8014,-83.0008,Bad Axe
USC00200417,"BAD AXE, MI US",2026-01-21,,14.0,2.0,14.0,8.0,2026,1,43.8014,-83.0008,Bad Axe
USC00200417,"BAD AXE, MI US",2026-01-22,,26.0,14.0,19.0,20.0,2026,1,43.8014,-83.0008,Bad Axe
USC00200417,"BAD AXE, MI US",2026-01-23,,19.0,0.0,0.0,9.5,2026,1,43.8014,-83.0008,Bad Axe
USC00200417,"BAD AXE, MI US",2026-01-24,,3.0,-9.0,-9.0,-3.0,2026,1,43.8014,-83.0008,Bad Axe
USC00200417,"BAD AXE, MI US",2026-01-25,,9.0,-12.0,8.0,-1.5,2026,1,43.8014,-83.0008,Bad Axe
USC00200417,"BAD AXE, MI US",2026-01-26,,16.0,8.0,11.0,12.0,2026,1,43.8014,-83.0008,Bad Axe
USC00200417,"BAD AXE, MI US",2026-01-27,,14.0,3.0,5.0,8.5,2026,1,43.8014,-83.0008,Bad Axe
USC00200417,"BAD AXE, MI US",2026-01-28,,16.0,3.0,6.0,9.5,2026,1,43.8014,-83.0008,Bad Axe
USC00200417,"BAD AXE, MI US",2026-01-29,,14.0,3.0,3.0,8.5,2026,1,43.8014,-83.0008,Bad Axe
USC00200417,"BAD AXE, MI US",2026-01-30,,11.0,-8.0,-5.0,1.5,2026,1,43.8014,-83.0008,Bad Axe
USC00200417,"BAD AXE, MI US",2026-01-31,,13.0,-5.0,12.0,4.0,2026,1,43.8014,-83.0008,Bad Axe
USC00200417,"BAD AXE, MI US",2026-02-01,,16.0,0.0,1.0,8.0,2026,2,43.8014,-83.0008,Bad Axe
USC00200417,"BAD AXE, MI US",2026-02-02,,22.0,0.0,7.0,11.0,2026,2,43.8014,-83.0008,Bad Axe
USC00200417,"BAD AXE, MI US",2026-02-03,,23.0,6.0,20.0,14.5,2026,2,43.8014,-83.0008,Bad Axe
USC00200417,"BAD AXE, MI US",2026-02-04,,21.0,10.0,11.0,15.5,2026,2,43.8014,-83.0008,Bad Axe
USC00200417,"BAD AXE, MI US",2026-02-05,,19.0,6.0,11.0,12.5,2026,2,43.8014,-83.0008,Bad Axe
USC00200417,"BAD AXE, MI US",2026-02-06,,24.0,11.0,22.0,17.5,2026,2,43.8014,-83.0008,Bad Axe
USC00200417,"BAD AXE, MI US",2026-02-07,,31.0,6.0,7.0,18.5,2026,2,43.8014,-83.0008,Bad Axe
USC00200417,"BAD AXE, MI US",2026-02-08,,16.0,-4.0,-3.0,6.0,2026,2,43.8014,-83.0008,Bad Axe
USC00200417,"BAD AXE, MI US",2026-02-09,,17.0,-3.0,4.0,7.0,2026,2,43.8014,-83.0008,Bad Axe
USC00200417,"BAD AXE, MI US",2026-02-10,,24.0,4.0,24.0,14.0,2026,2,43.8014,-83.0008,Bad Axe
USC00200417,"BAD AXE, MI US",2026-02-11,,36.0,24.0,26.0,30.0,2026,2,43.8014,-83.0008,Bad Axe
USC00200417,"BAD AXE, MI US",2026-02-12,,28.0,15.0,15.0,21.5,2026,2,43.8014,-83.0008,Bad Axe
USC00200417,"BAD AXE, MI US",2026-02-13,,25.0,4.0,5.0,14.5,2026,2,43.8014,-83.0008,Bad Axe
USC00200417,"BAD AXE, MI US",2026-02-14,,38.0,5.0,25.0,21.5,2026,2,43.8014,-83.0008,Bad Axe
USC00200417,"BAD AXE, MI US",2026-02-15,,37.0,19.0,25.0,28.0,2026,2,43.8014,-83.0008,Bad Axe
USC00200417,"BAD AXE, MI US",2026-02-16,,41.0,24.0,25.0,32.5,2026,2,43.8014,-83.0008,Bad Axe
USC00200417,"BAD AXE, MI US",2026-02-17,,50.0,24.0,26.0,37.0,2026,2,43.8014,-83.0008,Bad Axe
USC00200417,"BAD AXE, MI US",2026-02-18,,37.0,26.0,34.0,31.5,2026,2,43.8014,-83.0008,Bad Axe
USC00200417,"BAD AXE, MI US",2026-02-19,,35.0,32.0,32.0,33.5,2026,2,43.8014,-83.0008,Bad Axe
USC00200417,"BAD AXE, MI US",2026-02-20,,39.0,32.0,36.0,35.5,2026,2,43.8014,-83.0008,Bad Axe
USC00200417,"BAD AXE, MI US",2026-02-21,,40.0,32.0,32.0,36.0,2026,2,43.8014,-83.0008,Bad Axe
USC00200417,"BAD AXE, MI US",2026-02-22,,40.0,28.0,28.0,34.0,2026,2,43.8014,-83.0008,Bad Axe
USC00200417,"BAD AXE, MI US",2026-02-23,,31.0,22.0,22.0,26.5,2026,2,43.8014,-83.0008,Bad Axe
USC00200417,"BAD AXE, MI US",2026-02-24,,22.0,8.0,9.0,15.0,2026,2,43.8014,-83.0008,Bad Axe
USC00200417,"BAD AXE, MI US",2026-02-25,,29.0,8.0,28.0,18.5,2026,2,43.8014,-83.0008,Bad Axe
USC00200417,"BAD AXE, MI US",2026-02-26,,31.0,6.0,6.0,18.5,2026,2,43.8014,-83.0008,Bad Axe
USC00200417,"BAD AXE, MI US",2026-02-27,,30.0,6.0,22.0,18.0,2026,2,43.8014,-83.0008,Bad Axe
USC00200417,"BAD AXE, MI US",2026-02-28,,51.0,22.0,29.0,36.5,2026,2,43.8014,-83.0008,Bad Axe
USC00200417,"BAD AXE, MI US",2026-03-01,,29.0,14.0,16.0,21.5,2026,3,43.8014,-83.0008,Bad Axe
USC00200417,"BAD AXE, MI US",2026-03-02,,20.0,10.0,12.0,15.0,2026,3,43.8014,-83.0008,Bad Axe
USC00200417,"BAD AXE, MI US",2026-03-03,,31.0,12.0,20.0,21.5,2026,3,43.8014,-83.0008,Bad Axe
USC00200417,"BAD AXE, MI US",2026-03-04,,41.0,20.0,24.0,30.5,2026,3,43.8014,-83.0008,Bad Axe
USC00200417,"BAD AXE, MI US",2026-03-05,,53.0,24.0,32.0,38.5,2026,3,43.8014,-83.0008,Bad Axe
USC00200417,"BAD AXE, MI US",2026-03-06,,40.0,32.0,34.0,36.0,2026,3,43.8014,-83.0008,Bad Axe
USC00200417,"BAD AXE, MI US",2026-03-07,,58.0,34.0,54.0,46.0,2026,3,43.8014,-83.0008,Bad Axe
USC00200417,"BAD AXE, MI US",2026-03-09,,56.0,37.0,50.0,46.5,2026,3,43.8014,-83.0008,Bad Axe
USC00200417,"BAD AXE, MI US",2026-03-10,,70.0,36.0,38.0,53.0,2026,3,43.8014,-83.0008,Bad Axe
USC00200417,"BAD AXE, MI US",2026-03-11,,40.0,32.0,33.0,36.0,2026,3,43.8014,-83.0008,Bad Axe
USC00200417,"BAD AXE, MI US",2026-03-12,,37.0,27.0,27.0,32.0,2026,3,43.8014,-83.0008,Bad Axe
USC00200417,"BAD AXE, MI US",2026-03-13,,36.0,24.0,31.0,30.0,2026,3,43.8014,-83.0008,Bad Axe
USC00200417,"BAD AXE, MI US",2026-03-14,,36.0,26.0,26.0,31.0,2026,3,43.8014,-83.0008,Bad Axe
USC00200417,"BAD AXE, MI US",2026-03-15,,35.0,24.0,26.0,29.5,2026,3,43.8014,-83.0008,Bad Axe
USC00200417,"BAD AXE, MI US",2026-03-16,,50.0,26.0,50.0,38.0,2026,3,43.8014,-83.0008,Bad Axe
USC00200417,"BAD AXE, MI US",2026-03-17,,52.0,12.0,13.0,32.0,2026,3,43.8014,-83.0008,Bad Axe
USC00200417,"BAD AXE, MI US",2026-03-18,,22.0,13.0,16.0,17.5,2026,3,43.8014,-83.0008,Bad Axe
USC00200417,"BAD AXE, MI US",2026-03-19,,31.0,16.0,31.0,23.5,2026,3,43.8014,-83.0008,Bad Axe
USC00200417,"BAD AXE, MI US",2026-03-20,,41.0,29.0,37.0,35.0,2026,3,43.8014,-83.0008,Bad Axe
USC00200417,"BAD AXE, MI US",2026-03-21,,49.0,32.0,33.0,40.5,2026,3,43.8014,-83.0008,Bad Axe
USC00200417,"BAD AXE, MI US",2026-03-22,,40.0,33.0,38.0,36.5,2026,3,43.8014,-83.0008,Bad Axe
USC00200417,"BAD AXE, MI US",2026-03-23,,38.0,28.0,28.0,33.0,2026,3,43.8014,-83.0008,Bad Axe
USC00200417,"BAD AXE, MI US",2026-03-24,,32.0,20.0,22.0,26.0,2026,3,43.8014,-83.0008,Bad Axe
USC00200417,"BAD AXE, MI US",2026-03-25,,42.0,22.0,31.0,32.0,2026,3,43.8014,-83.0008,Bad Axe
USC00200417,"BAD AXE, MI US",2026-03-26,,55.0,30.0,34.0,42.5,2026,3,43.8014,-83.0008,Bad Axe
USC00200417,"BAD AXE, MI US",2026-03-27,,48.0,22.0,22.0,35.0,2026,3,43.8014,-83.0008,Bad Axe
USC00200417,"BAD AXE, MI US",2026-03-28,,29.0,21.0,23.0,25.0,2026,3,43.8014,-83.0008,Bad Axe
USC00200417,"BAD AXE, MI US",2026-03-29,,39.0,23.0,36.0,31.0,2026,3,43.8014,-83.0008,Bad Axe
USC00200417,"BAD AXE, MI US",2026-03-30,,57.0,35.0,42.0,46.0,2026,3,43.8014,-83.0008,Bad Axe
USC00200417,"BAD AXE, MI US",2026-03-31,,69.0,41.0,51.0,55.0,2026,3,43.8014,-83.0008,Bad Axe
USC00200417,"BAD AXE, MI US",2026-04-01,,56.0,31.0,31.0,43.5,2026,4,43.8014,-83.0008,Bad Axe
USC00200417,"BAD AXE, MI US",2026-04-02,,32.0,27.0,32.0,29.5,2026,4,43.8014,-83.0008,Bad Axe
USC00200417,"BAD AXE, MI US",2026-04-03,,60.0,32.0,59.0,46.0,2026,4,43.8014,-83.0008,Bad Axe
USC00200417,"BAD AXE, MI US",2026-04-04,,60.0,35.0,36.0,47.5,2026,4,43.8014,-83.0008,Bad Axe
USC00200417,"BAD AXE, MI US",2026-04-05,,55.0,35.0,39.0,45.0,2026,4,43.8014,-83.0008,Bad Axe
USC00200417,"BAD AXE, MI US",2026-04-06,,39.0,26.0,28.0,32.5,2026,4,43.8014,-83.0008,Bad Axe
